2026-09-28 10:29:37,735 INFO [base_page.py(base_click:23)] - 点击元素:('xpath', '//android.widget.TextView[@text="跳过"]')
2026-09-28 10:29:37,736 INFO [base_page.py(fd_element:14)] - 定位元素:('xpath', '//android.widget.TextView[@text="跳过"]')
2026-09-28 10:29:39,524 INFO [base_page.py(base_click:23)] - 点击元素:('xpath', '//android.widget.TextSwitcher[@resource-id="com.netease.yanxuan:id/tv_home_search"]')
2026-09-28 10:29:39,524 INFO [base_page.py(fd_element:14)] - 定位元素:('xpath', '//android.widget.TextSwitcher[@resource-id="com.netease.yanxuan:id/tv_home_search"]')
2026-09-28 10:29:40,950 INFO [base_page.py(base_input_text:27)] - 在元素:('id', 'com.netease.yanxuan:id/search_input')输入文本:毛巾
2026-09-28 10:29:40,950 INFO [base_page.py(fd_element:14)] - 定位元素:('id', 'com.netease.yanxuan:id/search_input')
2026-09-28 10:29:41,981 INFO [base_page.py(fd_element:14)] - 定位元素:('id', 'com.netease.yanxuan:id/search_input')
2026-09-28 10:29:43,006 INFO [base_page.py(base_click:23)] - 点击元素:('id', 'com.netease.yanxuan:id/tv_search_button')
2026-09-28 10:29:43,006 INFO [base_page.py(fd_element:14)] - 定位元素:('id', 'com.netease.yanxuan:id/tv_search_button')
2026-09-28 10:29:45,280 INFO [base_page.py(base_click:23)] - 点击元素:('xpath', '(//android.widget.GridView/android.widget.LinearLayout[@resource-id="com.netease.yanxuan:id/good"])[1]')
2026-09-28 10:29:45,280 INFO [base_page.py(fd_element:14)] - 定位元素:('xpath', '(//android.widget.GridView/android.widget.LinearLayout[@resource-id="com.netease.yanxuan:id/good"])[1]')
2026-09-28 10:29:45,357 INFO [base_page.py(base_click:23)] - 点击元素:('xpath', '//android.widget.TextView[@resource-id="com.netease.yanxuan:id/button" and @text="加入购物车"]')
2026-09-28 10:29:45,357 INFO [base_page.py(fd_element:14)] - 定位元素:('xpath', '//android.widget.TextView[@resource-id="com.netease.yanxuan:id/button" and @text="加入购物车"]')
2026-09-28 10:29:58,636 ERROR [addcart_page.py(add_cart:27)] - Message: 
Stacktrace:
NoSuchElementError: An element could not be located on the page using the given search parameters.
    at AndroidUiautomator2Driver.findElOrEls (file:///C:/Users/Tuki/.appium/node_modules/appium-uiautomator2-driver/node_modules/appium-android-driver/build/lib/commands/find.js:54:15)
    at process.processTicksAndRejections (node:internal/process/task_queues:104:5)
    at async AndroidUiautomator2Driver.findElOrElsWithProcessing (C:\Users\Tuki\AppData\Roaming\npm\node_modules\appium\node_modules\@appium\base-driver\build\lib\basedriver\commands\find.js:12:16)
    at async AndroidUiautomator2Driver.findElement (C:\Users\Tuki\AppData\Roaming\npm\node_modules\appium\node_modules\@appium\base-driver\build\lib\basedriver\commands\find.js:37:16)
    at async runCommandPromise (C:\Users\Tuki\AppData\Roaming\npm\node_modules\appium\node_modules\@appium\base-driver\build\lib\basedriver\driver.js:119:24)
2026-09-28 10:29:58,636 INFO [base_page.py(base_click:23)] - 点击元素:('id', 'com.netease.yanxuan:id/button')
2026-09-28 10:29:58,636 INFO [base_page.py(fd_element:14)] - 定位元素:('id', 'com.netease.yanxuan:id/button')
2026-09-28 10:29:59,443 INFO [base_page.py(base_click:23)] - 点击元素:('id', 'com.netease.yanxuan:id/nav_left_text')
2026-09-28 10:29:59,443 INFO [base_page.py(fd_element:14)] - 定位元素:('id', 'com.netease.yanxuan:id/nav_left_text')
2026-09-28 10:30:02,639 ERROR [base_page.py(fd_element:19)] - 元素定位失败:('id', 'com.netease.yanxuan:id/nav_left_text')-Message: 
Stacktrace:
NoSuchElementError: An element could not be located on the page using the given search parameters.
    at AndroidUiautomator2Driver.findElOrEls (file:///C:/Users/Tuki/.appium/node_modules/appium-uiautomator2-driver/node_modules/appium-android-driver/build/lib/commands/find.js:54:15)
    at process.processTicksAndRejections (node:internal/process/task_queues:104:5)
    at async AndroidUiautomator2Driver.findElOrElsWithProcessing (C:\Users\Tuki\AppData\Roaming\npm\node_modules\appium\node_modules\@appium\base-driver\build\lib\basedriver\commands\find.js:12:16)
    at async AndroidUiautomator2Driver.findElement (C:\Users\Tuki\AppData\Roaming\npm\node_modules\appium\node_modules\@appium\base-driver\build\lib\basedriver\commands\find.js:37:16)
    at async runCommandPromise (C:\Users\Tuki\AppData\Roaming\npm\node_modules\appium\node_modules\@appium\base-driver\build\lib\basedriver\driver.js:119:24)
2026-09-28 10:30:49,909 INFO [base_page.py(base_click:23)] - 点击元素:('xpath', '//android.widget.TextView[@text="跳过"]')
2026-09-28 10:30:49,909 INFO [base_page.py(fd_element:14)] - 定位元素:('xpath', '//android.widget.TextView[@text="跳过"]')
2026-09-28 10:30:54,066 ERROR [base_page.py(fd_element:19)] - 元素定位失败:('xpath', '//android.widget.TextView[@text="跳过"]')-Message: 
Stacktrace:
NoSuchElementError: An element could not be located on the page using the given search parameters.
    at AndroidUiautomator2Driver.findElOrEls (file:///C:/Users/Tuki/.appium/node_modules/appium-uiautomator2-driver/node_modules/appium-android-driver/build/lib/commands/find.js:54:15)
    at process.processTicksAndRejections (node:internal/process/task_queues:104:5)
    at async AndroidUiautomator2Driver.findElOrElsWithProcessing (C:\Users\Tuki\AppData\Roaming\npm\node_modules\appium\node_modules\@appium\base-driver\build\lib\basedriver\commands\find.js:12:16)
    at async AndroidUiautomator2Driver.findElement (C:\Users\Tuki\AppData\Roaming\npm\node_modules\appium\node_modules\@appium\base-driver\build\lib\basedriver\commands\find.js:37:16)
    at async runCommandPromise (C:\Users\Tuki\AppData\Roaming\npm\node_modules\appium\node_modules\@appium\base-driver\build\lib\basedriver\driver.js:119:24)
2026-09-28 10:30:54,066 ERROR [test_addcart_page.py(test_add_cart_page:15)] - <class 'Exception'>
2026-09-28 10:30:54,066 INFO [base_page.py(base_click:23)] - 点击元素:('xpath', '//android.widget.TextSwitcher[@resource-id="com.netease.yanxuan:id/tv_home_search"]')
2026-09-28 10:30:54,066 INFO [base_page.py(fd_element:14)] - 定位元素:('xpath', '//android.widget.TextSwitcher[@resource-id="com.netease.yanxuan:id/tv_home_search"]')
2026-09-28 10:30:54,150 INFO [base_page.py(base_input_text:27)] - 在元素:('id', 'com.netease.yanxuan:id/search_input')输入文本:睡眠
2026-09-28 10:30:54,150 INFO [base_page.py(fd_element:14)] - 定位元素:('id', 'com.netease.yanxuan:id/search_input')
2026-09-28 10:30:55,239 INFO [base_page.py(fd_element:14)] - 定位元素:('id', 'com.netease.yanxuan:id/search_input')
2026-09-28 10:30:56,268 INFO [base_page.py(base_click:23)] - 点击元素:('id', 'com.netease.yanxuan:id/tv_search_button')
2026-09-28 10:30:56,268 INFO [base_page.py(fd_element:14)] - 定位元素:('id', 'com.netease.yanxuan:id/tv_search_button')
2026-09-28 10:30:58,504 INFO [base_page.py(base_click:23)] - 点击元素:('xpath', '(//android.widget.GridView/android.widget.LinearLayout[@resource-id="com.netease.yanxuan:id/good"])[1]')
2026-09-28 10:30:58,504 INFO [base_page.py(fd_element:14)] - 定位元素:('xpath', '(//android.widget.GridView/android.widget.LinearLayout[@resource-id="com.netease.yanxuan:id/good"])[1]')
2026-09-28 10:30:58,568 INFO [base_page.py(base_click:23)] - 点击元素:('xpath', '//android.widget.TextView[@resource-id="com.netease.yanxuan:id/button" and @text="加入购物车"]')
2026-09-28 10:30:58,568 INFO [base_page.py(fd_element:14)] - 定位元素:('xpath', '//android.widget.TextView[@resource-id="com.netease.yanxuan:id/button" and @text="加入购物车"]')
2026-09-28 10:31:10,837 ERROR [addcart_page.py(add_cart:27)] - Message: 
Stacktrace:
NoSuchElementError: An element could not be located on the page using the given search parameters.
    at AndroidUiautomator2Driver.findElOrEls (file:///C:/Users/Tuki/.appium/node_modules/appium-uiautomator2-driver/node_modules/appium-android-driver/build/lib/commands/find.js:54:15)
    at process.processTicksAndRejections (node:internal/process/task_queues:104:5)
    at async AndroidUiautomator2Driver.findElOrElsWithProcessing (C:\Users\Tuki\AppData\Roaming\npm\node_modules\appium\node_modules\@appium\base-driver\build\lib\basedriver\commands\find.js:12:16)
    at async AndroidUiautomator2Driver.findElement (C:\Users\Tuki\AppData\Roaming\npm\node_modules\appium\node_modules\@appium\base-driver\build\lib\basedriver\commands\find.js:37:16)
    at async runCommandPromise (C:\Users\Tuki\AppData\Roaming\npm\node_modules\appium\node_modules\@appium\base-driver\build\lib\basedriver\driver.js:119:24)
2026-09-28 10:31:10,837 INFO [base_page.py(base_click:23)] - 点击元素:('id', 'com.netease.yanxuan:id/button')
2026-09-28 10:31:10,837 INFO [base_page.py(fd_element:14)] - 定位元素:('id', 'com.netease.yanxuan:id/button')
2026-09-28 10:31:12,740 INFO [base_page.py(base_click:23)] - 点击元素:('id', 'com.netease.yanxuan:id/nav_left_text')
2026-09-28 10:31:12,740 INFO [base_page.py(fd_element:14)] - 定位元素:('id', 'com.netease.yanxuan:id/nav_left_text')
2026-09-28 10:31:12,805 INFO [base_page.py(base_click:23)] - 点击元素:('id', 'com.netease.yanxuan:id/search_bar_return')
2026-09-28 10:31:12,805 INFO [base_page.py(fd_element:14)] - 定位元素:('id', 'com.netease.yanxuan:id/search_bar_return')
2026-09-28 10:31:14,502 INFO [base_page.py(base_click:23)] - 点击元素:('id', 'com.netease.yanxuan:id/search_bar_return')
2026-09-28 10:31:14,503 INFO [base_page.py(fd_element:14)] - 定位元素:('id', 'com.netease.yanxuan:id/search_bar_return')
2026-09-28 10:45:19,230 INFO [base_page.py(base_click:23)] - 点击元素:('xpath', '//android.widget.TextView[@text="跳过"]')
2026-09-28 10:45:19,230 INFO [base_page.py(fd_element:14)] - 定位元素:('xpath', '//android.widget.TextView[@text="跳过"]')
2026-09-28 10:45:27,358 INFO [base_page.py(base_click:23)] - 点击元素:('xpath', '//android.widget.TextSwitcher[@resource-id="com.netease.yanxuan:id/tv_home_search"]')
2026-09-28 10:45:27,358 INFO [base_page.py(fd_element:14)] - 定位元素:('xpath', '//android.widget.TextSwitcher[@resource-id="com.netease.yanxuan:id/tv_home_search"]')
2026-09-28 10:45:28,299 INFO [base_page.py(base_input_text:27)] - 在元素:('id', 'com.netease.yanxuan:id/search_input')输入文本:睡眠
2026-09-28 10:45:28,299 INFO [base_page.py(fd_element:14)] - 定位元素:('id', 'com.netease.yanxuan:id/search_input')
2026-09-28 10:45:29,532 INFO [base_page.py(fd_element:14)] - 定位元素:('id', 'com.netease.yanxuan:id/search_input')
2026-09-28 10:45:30,625 INFO [base_page.py(base_click:23)] - 点击元素:('id', 'com.netease.yanxuan:id/tv_search_button')
2026-09-28 10:45:30,625 INFO [base_page.py(fd_element:14)] - 定位元素:('id', 'com.netease.yanxuan:id/tv_search_button')
2026-09-28 10:45:32,864 INFO [base_page.py(base_click:23)] - 点击元素:('xpath', '(//android.widget.GridView/android.widget.LinearLayout[@resource-id="com.netease.yanxuan:id/good"])[1]')
2026-09-28 10:45:32,864 INFO [base_page.py(fd_element:14)] - 定位元素:('xpath', '(//android.widget.GridView/android.widget.LinearLayout[@resource-id="com.netease.yanxuan:id/good"])[1]')
2026-09-28 10:45:32,940 INFO [base_page.py(base_click:23)] - 点击元素:('xpath', '//android.widget.TextView[@resource-id="com.netease.yanxuan:id/button" and @text="加入购物车"]')
2026-09-28 10:45:32,940 INFO [base_page.py(fd_element:14)] - 定位元素:('xpath', '//android.widget.TextView[@resource-id="com.netease.yanxuan:id/button" and @text="加入购物车"]')
2026-09-28 10:45:47,295 ERROR [addcart_page.py(add_cart:27)] - Message: 
Stacktrace:
NoSuchElementError: An element could not be located on the page using the given search parameters.
    at AndroidUiautomator2Driver.findElOrEls (file:///C:/Users/Tuki/.appium/node_modules/appium-uiautomator2-driver/node_modules/appium-android-driver/build/lib/commands/find.js:54:15)
    at process.processTicksAndRejections (node:internal/process/task_queues:104:5)
    at async AndroidUiautomator2Driver.findElOrElsWithProcessing (C:\Users\Tuki\AppData\Roaming\npm\node_modules\appium\node_modules\@appium\base-driver\build\lib\basedriver\commands\find.js:12:16)
    at async AndroidUiautomator2Driver.findElement (C:\Users\Tuki\AppData\Roaming\npm\node_modules\appium\node_modules\@appium\base-driver\build\lib\basedriver\commands\find.js:37:16)
    at async runCommandPromise (C:\Users\Tuki\AppData\Roaming\npm\node_modules\appium\node_modules\@appium\base-driver\build\lib\basedriver\driver.js:119:24)
2026-09-28 10:45:47,296 INFO [base_page.py(base_click:23)] - 点击元素:('id', 'com.netease.yanxuan:id/button')
2026-09-28 10:45:47,296 INFO [base_page.py(fd_element:14)] - 定位元素:('id', 'com.netease.yanxuan:id/button')
2026-09-28 10:45:49,410 INFO [base_page.py(base_click:23)] - 点击元素:('id', 'com.netease.yanxuan:id/nav_left_text')
2026-09-28 10:45:49,410 INFO [base_page.py(fd_element:14)] - 定位元素:('id', 'com.netease.yanxuan:id/nav_left_text')
2026-09-28 10:45:49,476 INFO [base_page.py(base_click:23)] - 点击元素:('id', 'com.netease.yanxuan:id/search_bar_return')
2026-09-28 10:45:49,476 INFO [base_page.py(fd_element:14)] - 定位元素:('id', 'com.netease.yanxuan:id/search_bar_return')
2026-09-28 10:45:50,890 INFO [base_page.py(base_click:23)] - 点击元素:('id', 'com.netease.yanxuan:id/search_bar_return')
2026-09-28 10:45:50,891 INFO [base_page.py(fd_element:14)] - 定位元素:('id', 'com.netease.yanxuan:id/search_bar_return')
2026-09-28 11:00:35,801 INFO [base_page.py(base_click:23)] - 点击元素:('xpath', '//android.widget.TextView[@text="跳过"]')
2026-09-28 11:00:35,801 INFO [base_page.py(fd_element:14)] - 定位元素:('xpath', '//android.widget.TextView[@text="跳过"]')
2026-09-28 11:00:38,881 ERROR [base_page.py(fd_element:19)] - 元素定位失败:('xpath', '//android.widget.TextView[@text="跳过"]')-Message: 
Stacktrace:
NoSuchElementError: An element could not be located on the page using the given search parameters.
    at AndroidUiautomator2Driver.findElOrEls (file:///C:/Users/Tuki/.appium/node_modules/appium-uiautomator2-driver/node_modules/appium-android-driver/build/lib/commands/find.js:54:15)
    at process.processTicksAndRejections (node:internal/process/task_queues:104:5)
    at async AndroidUiautomator2Driver.findElOrElsWithProcessing (C:\Users\Tuki\AppData\Roaming\npm\node_modules\appium\node_modules\@appium\base-driver\build\lib\basedriver\commands\find.js:12:16)
    at async AndroidUiautomator2Driver.findElement (C:\Users\Tuki\AppData\Roaming\npm\node_modules\appium\node_modules\@appium\base-driver\build\lib\basedriver\commands\find.js:37:16)
    at async runCommandPromise (C:\Users\Tuki\AppData\Roaming\npm\node_modules\appium\node_modules\@appium\base-driver\build\lib\basedriver\driver.js:119:24)
2026-09-28 11:00:38,881 ERROR [test_addcart_page.py(test_add_cart_page:15)] - Message: 
Stacktrace:
NoSuchElementError: An element could not be located on the page using the given search parameters.
    at AndroidUiautomator2Driver.findElOrEls (file:///C:/Users/Tuki/.appium/node_modules/appium-uiautomator2-driver/node_modules/appium-android-driver/build/lib/commands/find.js:54:15)
    at process.processTicksAndRejections (node:internal/process/task_queues:104:5)
    at async AndroidUiautomator2Driver.findElOrElsWithProcessing (C:\Users\Tuki\AppData\Roaming\npm\node_modules\appium\node_modules\@appium\base-driver\build\lib\basedriver\commands\find.js:12:16)
    at async AndroidUiautomator2Driver.findElement (C:\Users\Tuki\AppData\Roaming\npm\node_modules\appium\node_modules\@appium\base-driver\build\lib\basedriver\commands\find.js:37:16)
    at async runCommandPromise (C:\Users\Tuki\AppData\Roaming\npm\node_modules\appium\node_modules\@appium\base-driver\build\lib\basedriver\driver.js:119:24)
2026-09-28 11:00:40,777 INFO [base_page.py(base_click:23)] - 点击元素:('xpath', '//android.widget.TextSwitcher[@resource-id="com.netease.yanxuan:id/tv_home_search"]')
2026-09-28 11:00:40,777 INFO [base_page.py(fd_element:14)] - 定位元素:('xpath', '//android.widget.TextSwitcher[@resource-id="com.netease.yanxuan:id/tv_home_search"]')
2026-09-28 11:00:40,880 INFO [base_page.py(base_input_text:27)] - 在元素:('id', 'com.netease.yanxuan:id/search_input')输入文本:睡眠
2026-09-28 11:00:40,880 INFO [base_page.py(fd_element:14)] - 定位元素:('id', 'com.netease.yanxuan:id/search_input')
2026-09-28 11:00:41,758 INFO [base_page.py(fd_element:14)] - 定位元素:('id', 'com.netease.yanxuan:id/search_input')
2026-09-28 11:00:42,796 INFO [base_page.py(base_click:23)] - 点击元素:('id', 'com.netease.yanxuan:id/tv_search_button')
2026-09-28 11:00:42,796 INFO [base_page.py(fd_element:14)] - 定位元素:('id', 'com.netease.yanxuan:id/tv_search_button')
2026-09-28 11:00:45,089 INFO [base_page.py(base_click:23)] - 点击元素:('xpath', '(//android.widget.GridView/android.widget.LinearLayout[@resource-id="com.netease.yanxuan:id/good"])[1]')
2026-09-28 11:00:45,089 INFO [base_page.py(fd_element:14)] - 定位元素:('xpath', '(//android.widget.GridView/android.widget.LinearLayout[@resource-id="com.netease.yanxuan:id/good"])[1]')
2026-09-28 11:00:55,909 ERROR [addcart_page.py(enter_goods_details:28)] - Message: 
Stacktrace:
NoSuchElementError: An element could not be located on the page using the given search parameters.
    at AndroidUiautomator2Driver.findElOrEls (file:///C:/Users/Tuki/.appium/node_modules/appium-uiautomator2-driver/node_modules/appium-android-driver/build/lib/commands/find.js:54:15)
    at process.processTicksAndRejections (node:internal/process/task_queues:104:5)
    at async AndroidUiautomator2Driver.findElOrElsWithProcessing (C:\Users\Tuki\AppData\Roaming\npm\node_modules\appium\node_modules\@appium\base-driver\build\lib\basedriver\commands\find.js:12:16)
    at async AndroidUiautomator2Driver.findElement (C:\Users\Tuki\AppData\Roaming\npm\node_modules\appium\node_modules\@appium\base-driver\build\lib\basedriver\commands\find.js:37:16)
    at async runCommandPromise (C:\Users\Tuki\AppData\Roaming\npm\node_modules\appium\node_modules\@appium\base-driver\build\lib\basedriver\driver.js:119:24)
2026-09-28 11:00:55,909 INFO [base_page.py(base_click:23)] - 点击元素:('xpath', '//android.widget.TextView[@resource-id="com.netease.yanxuan:id/button" and @text="加入购物车"]')
2026-09-28 11:00:55,909 INFO [base_page.py(fd_element:14)] - 定位元素:('xpath', '//android.widget.TextView[@resource-id="com.netease.yanxuan:id/button" and @text="加入购物车"]')
2026-09-28 11:00:55,979 INFO [base_page.py(base_click:23)] - 点击元素:('id', 'com.netease.yanxuan:id/button')
2026-09-28 11:00:55,979 INFO [base_page.py(fd_element:14)] - 定位元素:('id', 'com.netease.yanxuan:id/button')
2026-09-28 11:01:02,910 INFO [base_page.py(base_get_toast:49)] - 获取Toast失败:Message: 
Stacktrace:
NoSuchElementError: An element could not be located on the page using the given search parameters.
    at AndroidUiautomator2Driver.findElOrEls (file:///C:/Users/Tuki/.appium/node_modules/appium-uiautomator2-driver/node_modules/appium-android-driver/build/lib/commands/find.js:54:15)
    at process.processTicksAndRejections (node:internal/process/task_queues:104:5)
    at async AndroidUiautomator2Driver.findElOrElsWithProcessing (C:\Users\Tuki\AppData\Roaming\npm\node_modules\appium\node_modules\@appium\base-driver\build\lib\basedriver\commands\find.js:12:16)
    at async AndroidUiautomator2Driver.findElement (C:\Users\Tuki\AppData\Roaming\npm\node_modules\appium\node_modules\@appium\base-driver\build\lib\basedriver\commands\find.js:37:16)
    at async runCommandPromise (C:\Users\Tuki\AppData\Roaming\npm\node_modules\appium\node_modules\@appium\base-driver\build\lib\basedriver\driver.js:119:24)
2026-09-28 11:01:02,910 INFO [test_addcart_page.py(test_add_cart_page:29)] - 添加购物车结果:
2026-09-28 11:01:43,021 INFO [base_page.py(base_click:23)] - 点击元素:('xpath', '//android.widget.TextView[@text="跳过"]')
2026-09-28 11:01:43,021 INFO [base_page.py(fd_element:14)] - 定位元素:('xpath', '//android.widget.TextView[@text="跳过"]')
2026-09-28 11:01:46,085 ERROR [base_page.py(fd_element:19)] - 元素定位失败:('xpath', '//android.widget.TextView[@text="跳过"]')-Message: 
Stacktrace:
NoSuchElementError: An element could not be located on the page using the given search parameters.
    at AndroidUiautomator2Driver.findElOrEls (file:///C:/Users/Tuki/.appium/node_modules/appium-uiautomator2-driver/node_modules/appium-android-driver/build/lib/commands/find.js:54:15)
    at process.processTicksAndRejections (node:internal/process/task_queues:104:5)
    at async AndroidUiautomator2Driver.findElOrElsWithProcessing (C:\Users\Tuki\AppData\Roaming\npm\node_modules\appium\node_modules\@appium\base-driver\build\lib\basedriver\commands\find.js:12:16)
    at async AndroidUiautomator2Driver.findElement (C:\Users\Tuki\AppData\Roaming\npm\node_modules\appium\node_modules\@appium\base-driver\build\lib\basedriver\commands\find.js:37:16)
    at async runCommandPromise (C:\Users\Tuki\AppData\Roaming\npm\node_modules\appium\node_modules\@appium\base-driver\build\lib\basedriver\driver.js:119:24)
2026-09-28 11:01:46,085 ERROR [test_addcart_page.py(test_add_cart_page:15)] - Message: 
Stacktrace:
NoSuchElementError: An element could not be located on the page using the given search parameters.
    at AndroidUiautomator2Driver.findElOrEls (file:///C:/Users/Tuki/.appium/node_modules/appium-uiautomator2-driver/node_modules/appium-android-driver/build/lib/commands/find.js:54:15)
    at process.processTicksAndRejections (node:internal/process/task_queues:104:5)
    at async AndroidUiautomator2Driver.findElOrElsWithProcessing (C:\Users\Tuki\AppData\Roaming\npm\node_modules\appium\node_modules\@appium\base-driver\build\lib\basedriver\commands\find.js:12:16)
    at async AndroidUiautomator2Driver.findElement (C:\Users\Tuki\AppData\Roaming\npm\node_modules\appium\node_modules\@appium\base-driver\build\lib\basedriver\commands\find.js:37:16)
    at async runCommandPromise (C:\Users\Tuki\AppData\Roaming\npm\node_modules\appium\node_modules\@appium\base-driver\build\lib\basedriver\driver.js:119:24)
2026-09-28 11:01:57,055 INFO [ad_page.py(remove_add:22)] - 未发现可点击的广告关闭按钮，继续执行
2026-09-28 11:01:57,055 INFO [base_page.py(base_click:23)] - 点击元素:('xpath', '//android.widget.TextSwitcher[@resource-id="com.netease.yanxuan:id/tv_home_search"]')
2026-09-28 11:01:57,055 INFO [base_page.py(fd_element:14)] - 定位元素:('xpath', '//android.widget.TextSwitcher[@resource-id="com.netease.yanxuan:id/tv_home_search"]')
2026-09-28 11:01:57,140 INFO [base_page.py(base_input_text:27)] - 在元素:('id', 'com.netease.yanxuan:id/search_input')输入文本:沐浴露
2026-09-28 11:01:57,140 INFO [base_page.py(fd_element:14)] - 定位元素:('id', 'com.netease.yanxuan:id/search_input')
2026-09-28 11:01:58,057 INFO [base_page.py(fd_element:14)] - 定位元素:('id', 'com.netease.yanxuan:id/search_input')
2026-09-28 11:01:59,085 INFO [base_page.py(base_click:23)] - 点击元素:('id', 'com.netease.yanxuan:id/tv_search_button')
2026-09-28 11:01:59,085 INFO [base_page.py(fd_element:14)] - 定位元素:('id', 'com.netease.yanxuan:id/tv_search_button')
2026-09-28 11:02:00,814 INFO [base_page.py(base_click:23)] - 点击元素:('xpath', '(//android.widget.GridView/android.widget.LinearLayout[@resource-id="com.netease.yanxuan:id/good"])[1]')
2026-09-28 11:02:00,814 INFO [base_page.py(fd_element:14)] - 定位元素:('xpath', '(//android.widget.GridView/android.widget.LinearLayout[@resource-id="com.netease.yanxuan:id/good"])[1]')
2026-09-28 11:02:04,080 ERROR [base_page.py(fd_element:19)] - 元素定位失败:('xpath', '(//android.widget.GridView/android.widget.LinearLayout[@resource-id="com.netease.yanxuan:id/good"])[1]')-Message: 
Stacktrace:
NoSuchElementError: An element could not be located on the page using the given search parameters.
    at AndroidUiautomator2Driver.findElOrEls (file:///C:/Users/Tuki/.appium/node_modules/appium-uiautomator2-driver/node_modules/appium-android-driver/build/lib/commands/find.js:54:15)
    at process.processTicksAndRejections (node:internal/process/task_queues:104:5)
    at async AndroidUiautomator2Driver.findElOrElsWithProcessing (C:\Users\Tuki\AppData\Roaming\npm\node_modules\appium\node_modules\@appium\base-driver\build\lib\basedriver\commands\find.js:12:16)
    at async AndroidUiautomator2Driver.findElement (C:\Users\Tuki\AppData\Roaming\npm\node_modules\appium\node_modules\@appium\base-driver\build\lib\basedriver\commands\find.js:37:16)
    at async runCommandPromise (C:\Users\Tuki\AppData\Roaming\npm\node_modules\appium\node_modules\@appium\base-driver\build\lib\basedriver\driver.js:119:24)
2026-09-28 11:15:30,371 INFO [base_page.py(base_click:23)] - 点击元素:('xpath', '//android.widget.TextView[@text="跳过"]')
2026-09-28 11:15:30,371 INFO [base_page.py(fd_element:14)] - 定位元素:('xpath', '//android.widget.TextView[@text="跳过"]')
2026-09-28 11:15:33,446 ERROR [base_page.py(fd_element:19)] - 元素定位失败:('xpath', '//android.widget.TextView[@text="跳过"]')-Message: 
Stacktrace:
NoSuchElementError: An element could not be located on the page using the given search parameters.
    at AndroidUiautomator2Driver.findElOrEls (file:///C:/Users/Tuki/.appium/node_modules/appium-uiautomator2-driver/node_modules/appium-android-driver/build/lib/commands/find.js:54:15)
    at process.processTicksAndRejections (node:internal/process/task_queues:104:5)
    at async AndroidUiautomator2Driver.findElOrElsWithProcessing (C:\Users\Tuki\AppData\Roaming\npm\node_modules\appium\node_modules\@appium\base-driver\build\lib\basedriver\commands\find.js:12:16)
    at async AndroidUiautomator2Driver.findElement (C:\Users\Tuki\AppData\Roaming\npm\node_modules\appium\node_modules\@appium\base-driver\build\lib\basedriver\commands\find.js:37:16)
    at async runCommandPromise (C:\Users\Tuki\AppData\Roaming\npm\node_modules\appium\node_modules\@appium\base-driver\build\lib\basedriver\driver.js:119:24)
2026-09-28 11:15:33,446 ERROR [test_addcart_page.py(test_add_cart_page:15)] - Message: 
Stacktrace:
NoSuchElementError: An element could not be located on the page using the given search parameters.
    at AndroidUiautomator2Driver.findElOrEls (file:///C:/Users/Tuki/.appium/node_modules/appium-uiautomator2-driver/node_modules/appium-android-driver/build/lib/commands/find.js:54:15)
    at process.processTicksAndRejections (node:internal/process/task_queues:104:5)
    at async AndroidUiautomator2Driver.findElOrElsWithProcessing (C:\Users\Tuki\AppData\Roaming\npm\node_modules\appium\node_modules\@appium\base-driver\build\lib\basedriver\commands\find.js:12:16)
    at async AndroidUiautomator2Driver.findElement (C:\Users\Tuki\AppData\Roaming\npm\node_modules\appium\node_modules\@appium\base-driver\build\lib\basedriver\commands\find.js:37:16)
    at async runCommandPromise (C:\Users\Tuki\AppData\Roaming\npm\node_modules\appium\node_modules\@appium\base-driver\build\lib\basedriver\driver.js:119:24)
2026-09-28 11:15:43,755 INFO [ad_page.py(remove_add:22)] - 未发现可点击的广告关闭按钮，继续执行
2026-09-28 11:15:43,755 INFO [base_page.py(base_click:23)] - 点击元素:('xpath', '//android.widget.TextSwitcher[@resource-id="com.netease.yanxuan:id/tv_home_search"]')
2026-09-28 11:15:43,755 INFO [base_page.py(fd_element:14)] - 定位元素:('xpath', '//android.widget.TextSwitcher[@resource-id="com.netease.yanxuan:id/tv_home_search"]')
2026-09-28 11:15:45,879 INFO [base_page.py(base_input_text:27)] - 在元素:('id', 'com.netease.yanxuan:id/search_input')输入文本:沐浴露
2026-09-28 11:15:45,879 INFO [base_page.py(fd_element:14)] - 定位元素:('id', 'com.netease.yanxuan:id/search_input')
2026-09-28 11:15:45,904 INFO [base_page.py(fd_element:14)] - 定位元素:('id', 'com.netease.yanxuan:id/search_input')
2026-09-28 11:15:46,935 INFO [base_page.py(base_click:23)] - 点击元素:('id', 'com.netease.yanxuan:id/tv_search_button')
2026-09-28 11:15:46,935 INFO [base_page.py(fd_element:14)] - 定位元素:('id', 'com.netease.yanxuan:id/tv_search_button')
2026-09-28 11:15:49,013 INFO [base_page.py(base_click:23)] - 点击元素:('xpath', '(//android.widget.GridView/android.widget.LinearLayout[@resource-id="com.netease.yanxuan:id/good"])[1]')
2026-09-28 11:15:49,013 INFO [base_page.py(fd_element:14)] - 定位元素:('xpath', '(//android.widget.GridView/android.widget.LinearLayout[@resource-id="com.netease.yanxuan:id/good"])[1]')
2026-09-28 11:15:52,196 ERROR [addcart_page.py(enter_goods_details:28)] - Message: 
Stacktrace:
NoSuchElementError: An element could not be located on the page using the given search parameters.
    at AndroidUiautomator2Driver.findElOrEls (file:///C:/Users/Tuki/.appium/node_modules/appium-uiautomator2-driver/node_modules/appium-android-driver/build/lib/commands/find.js:54:15)
    at process.processTicksAndRejections (node:internal/process/task_queues:104:5)
    at async AndroidUiautomator2Driver.findElOrElsWithProcessing (C:\Users\Tuki\AppData\Roaming\npm\node_modules\appium\node_modules\@appium\base-driver\build\lib\basedriver\commands\find.js:12:16)
    at async AndroidUiautomator2Driver.findElement (C:\Users\Tuki\AppData\Roaming\npm\node_modules\appium\node_modules\@appium\base-driver\build\lib\basedriver\commands\find.js:37:16)
    at async runCommandPromise (C:\Users\Tuki\AppData\Roaming\npm\node_modules\appium\node_modules\@appium\base-driver\build\lib\basedriver\driver.js:119:24)
2026-09-28 11:15:52,196 INFO [base_page.py(base_click:23)] - 点击元素:('xpath', '//android.widget.TextView[@resource-id="com.netease.yanxuan:id/button" and @text="加入购物车"]')
2026-09-28 11:15:52,196 INFO [base_page.py(fd_element:14)] - 定位元素:('xpath', '//android.widget.TextView[@resource-id="com.netease.yanxuan:id/button" and @text="加入购物车"]')
2026-09-28 11:15:53,311 INFO [base_page.py(base_click:23)] - 点击元素:('id', 'com.netease.yanxuan:id/button')
2026-09-28 11:15:53,311 INFO [base_page.py(fd_element:14)] - 定位元素:('id', 'com.netease.yanxuan:id/button')
2026-09-28 11:16:01,310 INFO [base_page.py(base_get_toast:49)] - 获取Toast失败:Message: 
Stacktrace:
NoSuchElementError: An element could not be located on the page using the given search parameters.
    at AndroidUiautomator2Driver.findElOrEls (file:///C:/Users/Tuki/.appium/node_modules/appium-uiautomator2-driver/node_modules/appium-android-driver/build/lib/commands/find.js:54:15)
    at process.processTicksAndRejections (node:internal/process/task_queues:104:5)
    at async AndroidUiautomator2Driver.findElOrElsWithProcessing (C:\Users\Tuki\AppData\Roaming\npm\node_modules\appium\node_modules\@appium\base-driver\build\lib\basedriver\commands\find.js:12:16)
    at async AndroidUiautomator2Driver.findElement (C:\Users\Tuki\AppData\Roaming\npm\node_modules\appium\node_modules\@appium\base-driver\build\lib\basedriver\commands\find.js:37:16)
    at async runCommandPromise (C:\Users\Tuki\AppData\Roaming\npm\node_modules\appium\node_modules\@appium\base-driver\build\lib\basedriver\driver.js:119:24)
2026-09-28 11:16:01,310 INFO [test_addcart_page.py(test_add_cart_page:30)] - 添加购物车结果:添加购物车失败
2026-09-28 11:20:07,820 INFO [base_page.py(base_click:23)] - 点击元素:('xpath', '//android.widget.TextView[@text="跳过"]')
2026-09-28 11:20:07,820 INFO [base_page.py(fd_element:14)] - 定位元素:('xpath', '//android.widget.TextView[@text="跳过"]')
2026-09-28 11:20:12,292 ERROR [base_page.py(fd_element:19)] - 元素定位失败:('xpath', '//android.widget.TextView[@text="跳过"]')-Message: 
Stacktrace:
NoSuchElementError: An element could not be located on the page using the given search parameters.
    at AndroidUiautomator2Driver.findElOrEls (file:///C:/Users/Tuki/.appium/node_modules/appium-uiautomator2-driver/node_modules/appium-android-driver/build/lib/commands/find.js:54:15)
    at process.processTicksAndRejections (node:internal/process/task_queues:104:5)
    at async AndroidUiautomator2Driver.findElOrElsWithProcessing (C:\Users\Tuki\AppData\Roaming\npm\node_modules\appium\node_modules\@appium\base-driver\build\lib\basedriver\commands\find.js:12:16)
    at async AndroidUiautomator2Driver.findElement (C:\Users\Tuki\AppData\Roaming\npm\node_modules\appium\node_modules\@appium\base-driver\build\lib\basedriver\commands\find.js:37:16)
    at async runCommandPromise (C:\Users\Tuki\AppData\Roaming\npm\node_modules\appium\node_modules\@appium\base-driver\build\lib\basedriver\driver.js:119:24)
2026-09-28 11:20:12,292 ERROR [test_addcart_page.py(test_add_cart_page:15)] - Message: 
Stacktrace:
NoSuchElementError: An element could not be located on the page using the given search parameters.
    at AndroidUiautomator2Driver.findElOrEls (file:///C:/Users/Tuki/.appium/node_modules/appium-uiautomator2-driver/node_modules/appium-android-driver/build/lib/commands/find.js:54:15)
    at process.processTicksAndRejections (node:internal/process/task_queues:104:5)
    at async AndroidUiautomator2Driver.findElOrElsWithProcessing (C:\Users\Tuki\AppData\Roaming\npm\node_modules\appium\node_modules\@appium\base-driver\build\lib\basedriver\commands\find.js:12:16)
    at async AndroidUiautomator2Driver.findElement (C:\Users\Tuki\AppData\Roaming\npm\node_modules\appium\node_modules\@appium\base-driver\build\lib\basedriver\commands\find.js:37:16)
    at async runCommandPromise (C:\Users\Tuki\AppData\Roaming\npm\node_modules\appium\node_modules\@appium\base-driver\build\lib\basedriver\driver.js:119:24)
2026-09-28 11:20:22,774 INFO [ad_page.py(remove_add:22)] - 未发现可点击的广告关闭按钮，继续执行
2026-09-28 11:20:22,774 INFO [base_page.py(base_click:23)] - 点击元素:('xpath', '//android.widget.TextSwitcher[@resource-id="com.netease.yanxuan:id/tv_home_search"]')
2026-09-28 11:20:22,774 INFO [base_page.py(fd_element:14)] - 定位元素:('xpath', '//android.widget.TextSwitcher[@resource-id="com.netease.yanxuan:id/tv_home_search"]')
2026-09-28 11:20:22,854 INFO [base_page.py(base_input_text:27)] - 在元素:('id', 'com.netease.yanxuan:id/search_input')输入文本:沐浴露
2026-09-28 11:20:22,854 INFO [base_page.py(fd_element:14)] - 定位元素:('id', 'com.netease.yanxuan:id/search_input')
2026-09-28 11:20:24,097 INFO [base_page.py(fd_element:14)] - 定位元素:('id', 'com.netease.yanxuan:id/search_input')
2026-09-28 11:20:25,181 INFO [base_page.py(base_click:23)] - 点击元素:('id', 'com.netease.yanxuan:id/tv_search_button')
2026-09-28 11:20:25,181 INFO [base_page.py(fd_element:14)] - 定位元素:('id', 'com.netease.yanxuan:id/tv_search_button')
2026-09-28 11:20:27,231 INFO [base_page.py(base_click:23)] - 点击元素:('xpath', '(//android.widget.GridView/android.widget.LinearLayout[@resource-id="com.netease.yanxuan:id/good"])[1]')
2026-09-28 11:20:27,231 INFO [base_page.py(fd_element:14)] - 定位元素:('xpath', '(//android.widget.GridView/android.widget.LinearLayout[@resource-id="com.netease.yanxuan:id/good"])[1]')
2026-09-28 11:20:31,863 ERROR [addcart_page.py(enter_goods_details:28)] - Message: 
Stacktrace:
NoSuchElementError: An element could not be located on the page using the given search parameters.
    at AndroidUiautomator2Driver.findElOrEls (file:///C:/Users/Tuki/.appium/node_modules/appium-uiautomator2-driver/node_modules/appium-android-driver/build/lib/commands/find.js:54:15)
    at process.processTicksAndRejections (node:internal/process/task_queues:104:5)
    at async AndroidUiautomator2Driver.findElOrElsWithProcessing (C:\Users\Tuki\AppData\Roaming\npm\node_modules\appium\node_modules\@appium\base-driver\build\lib\basedriver\commands\find.js:12:16)
    at async AndroidUiautomator2Driver.findElement (C:\Users\Tuki\AppData\Roaming\npm\node_modules\appium\node_modules\@appium\base-driver\build\lib\basedriver\commands\find.js:37:16)
    at async runCommandPromise (C:\Users\Tuki\AppData\Roaming\npm\node_modules\appium\node_modules\@appium\base-driver\build\lib\basedriver\driver.js:119:24)
2026-09-28 11:20:31,863 INFO [base_page.py(base_click:23)] - 点击元素:('xpath', '//android.widget.TextView[@resource-id="com.netease.yanxuan:id/button" and @text="加入购物车"]')
2026-09-28 11:20:31,863 INFO [base_page.py(fd_element:14)] - 定位元素:('xpath', '//android.widget.TextView[@resource-id="com.netease.yanxuan:id/button" and @text="加入购物车"]')
2026-09-28 11:20:32,844 INFO [base_page.py(base_click:23)] - 点击元素:('id', 'com.netease.yanxuan:id/button')
2026-09-28 11:20:32,844 INFO [base_page.py(fd_element:14)] - 定位元素:('id', 'com.netease.yanxuan:id/button')
2026-09-28 11:20:35,893 INFO [base_page.py(base_get_toast:46)] - 获取Toast提示:加入购物车成功
2026-09-28 11:20:35,893 INFO [test_addcart_page.py(test_add_cart_page:30)] - 添加购物车结果:加入购物车成功
2026-09-28 11:20:36,500 INFO [base_page.py(base_click:23)] - 点击元素:('id', 'com.netease.yanxuan:id/nav_left_text')
2026-09-28 11:20:36,500 INFO [base_page.py(fd_element:14)] - 定位元素:('id', 'com.netease.yanxuan:id/nav_left_text')
2026-09-28 11:20:37,793 INFO [base_page.py(base_click:23)] - 点击元素:('id', 'com.netease.yanxuan:id/search_bar_return')
2026-09-28 11:20:37,793 INFO [base_page.py(fd_element:14)] - 定位元素:('id', 'com.netease.yanxuan:id/search_bar_return')
2026-09-28 11:20:38,431 INFO [base_page.py(base_click:23)] - 点击元素:('id', 'com.netease.yanxuan:id/search_bar_return')
2026-09-28 11:20:38,431 INFO [base_page.py(fd_element:14)] - 定位元素:('id', 'com.netease.yanxuan:id/search_bar_return')
2026-09-28 11:53:47,392 INFO [base_page.py(base_click:23)] - 点击元素:('id', 'com.netease.yanxuan:id/btn_alert_positive')
2026-09-28 11:53:47,392 INFO [base_page.py(fd_element:14)] - 定位元素:('id', 'com.netease.yanxuan:id/btn_alert_positive')
2026-09-28 11:53:50,125 INFO [base_page.py(base_click:23)] - 点击元素:('xpath', '//android.widget.TextView[@text="跳过"]')
2026-09-28 11:53:50,125 INFO [base_page.py(fd_element:14)] - 定位元素:('xpath', '//android.widget.TextView[@text="跳过"]')
2026-09-28 11:53:52,688 INFO [base_page.py(base_input_text:27)] - 在元素:('id', 'com.netease.yanxuan:id/account_edit')输入文本:17641160730
2026-09-28 11:53:52,688 INFO [base_page.py(fd_element:14)] - 定位元素:('id', 'com.netease.yanxuan:id/account_edit')
2026-09-28 11:53:56,054 ERROR [base_page.py(fd_element:19)] - 元素定位失败:('id', 'com.netease.yanxuan:id/account_edit')-Message: 
Stacktrace:
NoSuchElementError: An element could not be located on the page using the given search parameters.
    at AndroidUiautomator2Driver.findElOrEls (file:///C:/Users/Tuki/.appium/node_modules/appium-uiautomator2-driver/node_modules/appium-android-driver/build/lib/commands/find.js:54:15)
    at process.processTicksAndRejections (node:internal/process/task_queues:104:5)
    at async AndroidUiautomator2Driver.findElOrElsWithProcessing (C:\Users\Tuki\AppData\Roaming\npm\node_modules\appium\node_modules\@appium\base-driver\build\lib\basedriver\commands\find.js:12:16)
    at async AndroidUiautomator2Driver.findElement (C:\Users\Tuki\AppData\Roaming\npm\node_modules\appium\node_modules\@appium\base-driver\build\lib\basedriver\commands\find.js:37:16)
    at async runCommandPromise (C:\Users\Tuki\AppData\Roaming\npm\node_modules\appium\node_modules\@appium\base-driver\build\lib\basedriver\driver.js:119:24)
2026-09-28 11:54:02,764 INFO [base_page.py(base_click:23)] - 点击元素:('id', 'com.netease.yanxuan:id/btn_alert_positive')
2026-09-28 11:54:02,764 INFO [base_page.py(fd_element:14)] - 定位元素:('id', 'com.netease.yanxuan:id/btn_alert_positive')
2026-09-28 11:54:03,543 INFO [base_page.py(base_click:23)] - 点击元素:('xpath', '//android.widget.TextView[@text="跳过"]')
2026-09-28 11:54:03,543 INFO [base_page.py(fd_element:14)] - 定位元素:('xpath', '//android.widget.TextView[@text="跳过"]')
2026-09-28 11:54:07,614 INFO [base_page.py(base_input_text:27)] - 在元素:('id', 'com.netease.yanxuan:id/account_edit')输入文本:17641160730
2026-09-28 11:54:07,615 INFO [base_page.py(fd_element:14)] - 定位元素:('id', 'com.netease.yanxuan:id/account_edit')
2026-09-28 11:56:16,759 INFO [base_page.py(base_click:23)] - 点击元素:('id', 'com.netease.yanxuan:id/btn_alert_positive')
2026-09-28 11:56:16,760 INFO [base_page.py(fd_element:14)] - 定位元素:('id', 'com.netease.yanxuan:id/btn_alert_positive')
2026-09-28 11:56:17,540 INFO [base_page.py(base_click:23)] - 点击元素:('xpath', '//android.widget.TextView[@text="跳过"]')
2026-09-28 11:56:17,540 INFO [base_page.py(fd_element:14)] - 定位元素:('xpath', '//android.widget.TextView[@text="跳过"]')
2026-09-28 11:56:31,497 INFO [ad_page.py(remove_add:22)] - 未发现可点击的广告关闭按钮，继续执行
2026-09-28 11:56:31,497 INFO [base_page.py(base_input_text:27)] - 在元素:('id', 'com.netease.yanxuan:id/account_edit')输入文本:17641160730
2026-09-28 11:56:31,497 INFO [base_page.py(fd_element:14)] - 定位元素:('id', 'com.netease.yanxuan:id/account_edit')
2026-09-28 11:56:35,870 ERROR [base_page.py(fd_element:19)] - 元素定位失败:('id', 'com.netease.yanxuan:id/account_edit')-Message: 
Stacktrace:
NoSuchElementError: An element could not be located on the page using the given search parameters.
    at AndroidUiautomator2Driver.findElOrEls (file:///C:/Users/Tuki/.appium/node_modules/appium-uiautomator2-driver/node_modules/appium-android-driver/build/lib/commands/find.js:54:15)
    at process.processTicksAndRejections (node:internal/process/task_queues:104:5)
    at async AndroidUiautomator2Driver.findElOrElsWithProcessing (C:\Users\Tuki\AppData\Roaming\npm\node_modules\appium\node_modules\@appium\base-driver\build\lib\basedriver\commands\find.js:12:16)
    at async AndroidUiautomator2Driver.findElement (C:\Users\Tuki\AppData\Roaming\npm\node_modules\appium\node_modules\@appium\base-driver\build\lib\basedriver\commands\find.js:37:16)
    at async runCommandPromise (C:\Users\Tuki\AppData\Roaming\npm\node_modules\appium\node_modules\@appium\base-driver\build\lib\basedriver\driver.js:119:24)
2026-09-28 11:56:42,440 INFO [base_page.py(base_click:23)] - 点击元素:('id', 'com.netease.yanxuan:id/btn_alert_positive')
2026-09-28 11:56:42,440 INFO [base_page.py(fd_element:14)] - 定位元素:('id', 'com.netease.yanxuan:id/btn_alert_positive')
2026-09-28 11:56:43,222 INFO [base_page.py(base_click:23)] - 点击元素:('xpath', '//android.widget.TextView[@text="跳过"]')
2026-09-28 11:56:43,222 INFO [base_page.py(fd_element:14)] - 定位元素:('xpath', '//android.widget.TextView[@text="跳过"]')
2026-09-28 11:56:56,297 INFO [ad_page.py(remove_add:22)] - 未发现可点击的广告关闭按钮，继续执行
2026-09-28 11:56:56,297 INFO [base_page.py(base_input_text:27)] - 在元素:('id', 'com.netease.yanxuan:id/account_edit')输入文本:17641160730
2026-09-28 11:56:56,297 INFO [base_page.py(fd_element:14)] - 定位元素:('id', 'com.netease.yanxuan:id/account_edit')
2026-09-28 11:57:00,581 ERROR [base_page.py(fd_element:19)] - 元素定位失败:('id', 'com.netease.yanxuan:id/account_edit')-Message: 
Stacktrace:
NoSuchElementError: An element could not be located on the page using the given search parameters.
    at AndroidUiautomator2Driver.findElOrEls (file:///C:/Users/Tuki/.appium/node_modules/appium-uiautomator2-driver/node_modules/appium-android-driver/build/lib/commands/find.js:54:15)
    at process.processTicksAndRejections (node:internal/process/task_queues:104:5)
    at async AndroidUiautomator2Driver.findElOrElsWithProcessing (C:\Users\Tuki\AppData\Roaming\npm\node_modules\appium\node_modules\@appium\base-driver\build\lib\basedriver\commands\find.js:12:16)
    at async AndroidUiautomator2Driver.findElement (C:\Users\Tuki\AppData\Roaming\npm\node_modules\appium\node_modules\@appium\base-driver\build\lib\basedriver\commands\find.js:37:16)
    at async runCommandPromise (C:\Users\Tuki\AppData\Roaming\npm\node_modules\appium\node_modules\@appium\base-driver\build\lib\basedriver\driver.js:119:24)
2026-09-28 11:57:47,609 INFO [base_page.py(base_click:23)] - 点击元素:('id', 'com.netease.yanxuan:id/btn_alert_positive')
2026-09-28 11:57:47,609 INFO [base_page.py(fd_element:14)] - 定位元素:('id', 'com.netease.yanxuan:id/btn_alert_positive')
2026-09-28 11:57:48,396 INFO [base_page.py(base_click:23)] - 点击元素:('xpath', '//android.widget.TextView[@text="跳过"]')
2026-09-28 11:57:48,396 INFO [base_page.py(fd_element:14)] - 定位元素:('xpath', '//android.widget.TextView[@text="跳过"]')
2026-09-28 11:57:54,199 INFO [ad_page.py(remove_add:22)] - 未发现可点击的广告关闭按钮，继续执行
2026-09-28 11:57:54,199 INFO [base_page.py(base_input_text:27)] - 在元素:('id', 'com.netease.yanxuan:id/account_edit')输入文本:17641160730
2026-09-28 11:57:54,199 INFO [base_page.py(fd_element:14)] - 定位元素:('id', 'com.netease.yanxuan:id/account_edit')
2026-09-28 11:57:57,730 ERROR [base_page.py(fd_element:19)] - 元素定位失败:('id', 'com.netease.yanxuan:id/account_edit')-Message: 
Stacktrace:
NoSuchElementError: An element could not be located on the page using the given search parameters.
    at AndroidUiautomator2Driver.findElOrEls (file:///C:/Users/Tuki/.appium/node_modules/appium-uiautomator2-driver/node_modules/appium-android-driver/build/lib/commands/find.js:54:15)
    at process.processTicksAndRejections (node:internal/process/task_queues:104:5)
    at async AndroidUiautomator2Driver.findElOrElsWithProcessing (C:\Users\Tuki\AppData\Roaming\npm\node_modules\appium\node_modules\@appium\base-driver\build\lib\basedriver\commands\find.js:12:16)
    at async AndroidUiautomator2Driver.findElement (C:\Users\Tuki\AppData\Roaming\npm\node_modules\appium\node_modules\@appium\base-driver\build\lib\basedriver\commands\find.js:37:16)
    at async runCommandPromise (C:\Users\Tuki\AppData\Roaming\npm\node_modules\appium\node_modules\@appium\base-driver\build\lib\basedriver\driver.js:119:24)
2026-09-28 11:58:04,253 INFO [base_page.py(base_click:23)] - 点击元素:('id', 'com.netease.yanxuan:id/btn_alert_positive')
2026-09-28 11:58:04,253 INFO [base_page.py(fd_element:14)] - 定位元素:('id', 'com.netease.yanxuan:id/btn_alert_positive')
2026-09-28 11:58:05,028 INFO [base_page.py(base_click:23)] - 点击元素:('xpath', '//android.widget.TextView[@text="跳过"]')
2026-09-28 11:58:05,028 INFO [base_page.py(fd_element:14)] - 定位元素:('xpath', '//android.widget.TextView[@text="跳过"]')
2026-09-28 11:58:11,320 INFO [ad_page.py(remove_add:22)] - 未发现可点击的广告关闭按钮，继续执行
2026-09-28 11:58:11,320 INFO [base_page.py(base_input_text:27)] - 在元素:('id', 'com.netease.yanxuan:id/account_edit')输入文本:17641160730
2026-09-28 11:58:11,320 INFO [base_page.py(fd_element:14)] - 定位元素:('id', 'com.netease.yanxuan:id/account_edit')
2026-09-28 11:58:15,310 ERROR [base_page.py(fd_element:19)] - 元素定位失败:('id', 'com.netease.yanxuan:id/account_edit')-Message: 
Stacktrace:
NoSuchElementError: An element could not be located on the page using the given search parameters.
    at AndroidUiautomator2Driver.findElOrEls (file:///C:/Users/Tuki/.appium/node_modules/appium-uiautomator2-driver/node_modules/appium-android-driver/build/lib/commands/find.js:54:15)
    at process.processTicksAndRejections (node:internal/process/task_queues:104:5)
    at async AndroidUiautomator2Driver.findElOrElsWithProcessing (C:\Users\Tuki\AppData\Roaming\npm\node_modules\appium\node_modules\@appium\base-driver\build\lib\basedriver\commands\find.js:12:16)
    at async AndroidUiautomator2Driver.findElement (C:\Users\Tuki\AppData\Roaming\npm\node_modules\appium\node_modules\@appium\base-driver\build\lib\basedriver\commands\find.js:37:16)
    at async runCommandPromise (C:\Users\Tuki\AppData\Roaming\npm\node_modules\appium\node_modules\@appium\base-driver\build\lib\basedriver\driver.js:119:24)
2026-09-28 11:58:58,877 INFO [base_page.py(base_click:23)] - 点击元素:('id', 'com.netease.yanxuan:id/btn_alert_positive')
2026-09-28 11:58:58,877 INFO [base_page.py(fd_element:14)] - 定位元素:('id', 'com.netease.yanxuan:id/btn_alert_positive')
2026-09-28 11:58:59,662 INFO [base_page.py(base_click:23)] - 点击元素:('xpath', '//android.widget.TextView[@text="跳过"]')
2026-09-28 11:58:59,662 INFO [base_page.py(fd_element:14)] - 定位元素:('xpath', '//android.widget.TextView[@text="跳过"]')
2026-09-28 11:59:05,184 INFO [ad_page.py(remove_add:22)] - 未发现可点击的广告关闭按钮，继续执行
2026-09-28 11:59:05,184 INFO [base_page.py(base_click:23)] - 点击元素:('xpath', '//android.widget.TabWidget[@resource-id="android:id/tabs"]/android.view.ViewGroup[5]')
2026-09-28 11:59:05,184 INFO [base_page.py(fd_element:14)] - 定位元素:('xpath', '//android.widget.TabWidget[@resource-id="android:id/tabs"]/android.view.ViewGroup[5]')
2026-09-28 11:59:05,760 INFO [base_page.py(base_click:23)] - 点击元素:('id', 'com.netease.yanxuan:id/btn_change_mode')
2026-09-28 11:59:05,760 INFO [base_page.py(fd_element:14)] - 定位元素:('id', 'com.netease.yanxuan:id/btn_change_mode')
2026-09-28 11:59:06,938 INFO [base_page.py(base_click:23)] - 点击元素:('id', 'com.netease.yanxuan:id/check_box')
2026-09-28 11:59:06,939 INFO [base_page.py(fd_element:14)] - 定位元素:('id', 'com.netease.yanxuan:id/check_box')
2026-09-28 11:59:07,578 INFO [base_page.py(base_input_text:27)] - 在元素:('id', 'com.netease.yanxuan:id/account_edit')输入文本:17641160730
2026-09-28 11:59:07,578 INFO [base_page.py(fd_element:14)] - 定位元素:('id', 'com.netease.yanxuan:id/account_edit')
2026-09-28 11:59:07,641 INFO [base_page.py(fd_element:14)] - 定位元素:('id', 'com.netease.yanxuan:id/account_edit')
2026-09-28 11:59:08,655 INFO [base_page.py(base_input_text:27)] - 在元素:('id', 'com.netease.yanxuan:id/password_edit')输入文本:lzj123456!
2026-09-28 11:59:08,655 INFO [base_page.py(fd_element:14)] - 定位元素:('id', 'com.netease.yanxuan:id/password_edit')
2026-09-28 11:59:09,175 INFO [base_page.py(fd_element:14)] - 定位元素:('id', 'com.netease.yanxuan:id/password_edit')
2026-09-28 11:59:10,189 INFO [base_page.py(base_click:23)] - 点击元素:('xpath', '//android.widget.LinearLayout[@resource-id="com.netease.yanxuan:id/fl_loginview"]')
2026-09-28 11:59:10,189 INFO [base_page.py(fd_element:14)] - 定位元素:('xpath', '//android.widget.LinearLayout[@resource-id="com.netease.yanxuan:id/fl_loginview"]')
2026-09-28 11:59:17,722 INFO [base_page.py(base_click:23)] - 点击元素:('xpath', '//android.widget.TextSwitcher[@resource-id="com.netease.yanxuan:id/tv_home_search"]')
2026-09-28 11:59:17,722 INFO [base_page.py(fd_element:14)] - 定位元素:('xpath', '//android.widget.TextSwitcher[@resource-id="com.netease.yanxuan:id/tv_home_search"]')
2026-09-28 11:59:21,133 INFO [base_page.py(base_input_text:27)] - 在元素:('id', 'com.netease.yanxuan:id/search_input')输入文本:毛巾
2026-09-28 11:59:21,135 INFO [base_page.py(fd_element:14)] - 定位元素:('id', 'com.netease.yanxuan:id/search_input')
2026-09-28 11:59:21,162 INFO [base_page.py(fd_element:14)] - 定位元素:('id', 'com.netease.yanxuan:id/search_input')
2026-09-28 11:59:22,194 INFO [base_page.py(base_click:23)] - 点击元素:('id', 'com.netease.yanxuan:id/tv_search_button')
2026-09-28 11:59:22,194 INFO [base_page.py(fd_element:14)] - 定位元素:('id', 'com.netease.yanxuan:id/tv_search_button')
2026-09-28 11:59:26,662 INFO [ad_page.py(remove_add:22)] - 未发现可点击的广告关闭按钮，继续执行
2026-09-28 11:59:26,662 INFO [base_page.py(base_click:23)] - 点击元素:('xpath', '(//android.widget.GridView/android.widget.LinearLayout[@resource-id="com.netease.yanxuan:id/good"])[1]')
2026-09-28 11:59:26,662 INFO [base_page.py(fd_element:14)] - 定位元素:('xpath', '(//android.widget.GridView/android.widget.LinearLayout[@resource-id="com.netease.yanxuan:id/good"])[1]')
2026-09-28 11:59:28,511 INFO [base_page.py(base_click:23)] - 点击元素:('xpath', '//android.widget.TextView[@resource-id="com.netease.yanxuan:id/button" and @text="加入购物车"]')
2026-09-28 11:59:28,511 INFO [base_page.py(fd_element:14)] - 定位元素:('xpath', '//android.widget.TextView[@resource-id="com.netease.yanxuan:id/button" and @text="加入购物车"]')
2026-09-28 12:00:21,607 INFO [base_page.py(base_click:23)] - 点击元素:('id', 'com.netease.yanxuan:id/button')
2026-09-28 12:00:21,607 INFO [base_page.py(fd_element:14)] - 定位元素:('id', 'com.netease.yanxuan:id/button')
2026-09-28 12:01:32,801 INFO [base_page.py(base_get_toast:49)] - 获取Toast失败:Message: 
Stacktrace:
NoSuchElementError: An element could not be located on the page using the given search parameters.
    at AndroidUiautomator2Driver.findElOrEls (file:///C:/Users/Tuki/.appium/node_modules/appium-uiautomator2-driver/node_modules/appium-android-driver/build/lib/commands/find.js:54:15)
    at process.processTicksAndRejections (node:internal/process/task_queues:104:5)
    at async AndroidUiautomator2Driver.findElOrElsWithProcessing (C:\Users\Tuki\AppData\Roaming\npm\node_modules\appium\node_modules\@appium\base-driver\build\lib\basedriver\commands\find.js:12:16)
    at async AndroidUiautomator2Driver.findElement (C:\Users\Tuki\AppData\Roaming\npm\node_modules\appium\node_modules\@appium\base-driver\build\lib\basedriver\commands\find.js:37:16)
    at async runCommandPromise (C:\Users\Tuki\AppData\Roaming\npm\node_modules\appium\node_modules\@appium\base-driver\build\lib\basedriver\driver.js:119:24)
2026-09-28 12:01:32,801 INFO [test_addcart_page.py(test_add_cart_page:21)] - 添加购物车结果:添加购物车失败
2026-09-28 12:01:42,933 INFO [base_page.py(base_click:23)] - 点击元素:('id', 'com.netease.yanxuan:id/btn_alert_positive')
2026-09-28 12:01:42,935 INFO [base_page.py(fd_element:14)] - 定位元素:('id', 'com.netease.yanxuan:id/btn_alert_positive')
2026-09-28 12:01:43,716 INFO [base_page.py(base_click:23)] - 点击元素:('xpath', '//android.widget.TextView[@text="跳过"]')
2026-09-28 12:01:43,716 INFO [base_page.py(fd_element:14)] - 定位元素:('xpath', '//android.widget.TextView[@text="跳过"]')
2026-09-28 12:01:48,477 INFO [ad_page.py(remove_add:22)] - 未发现可点击的广告关闭按钮，继续执行
2026-09-28 12:01:48,477 INFO [base_page.py(base_click:23)] - 点击元素:('xpath', '//android.widget.TabWidget[@resource-id="android:id/tabs"]/android.view.ViewGroup[5]')
2026-09-28 12:01:48,477 INFO [base_page.py(fd_element:14)] - 定位元素:('xpath', '//android.widget.TabWidget[@resource-id="android:id/tabs"]/android.view.ViewGroup[5]')
2026-09-28 12:01:49,009 INFO [base_page.py(base_click:23)] - 点击元素:('id', 'com.netease.yanxuan:id/btn_change_mode')
2026-09-28 12:01:49,009 INFO [base_page.py(fd_element:14)] - 定位元素:('id', 'com.netease.yanxuan:id/btn_change_mode')
2026-09-28 12:01:50,201 INFO [base_page.py(base_click:23)] - 点击元素:('id', 'com.netease.yanxuan:id/check_box')
2026-09-28 12:01:50,201 INFO [base_page.py(fd_element:14)] - 定位元素:('id', 'com.netease.yanxuan:id/check_box')
2026-09-28 12:01:50,832 INFO [base_page.py(base_input_text:27)] - 在元素:('id', 'com.netease.yanxuan:id/account_edit')输入文本:17641160730
2026-09-28 12:01:50,832 INFO [base_page.py(fd_element:14)] - 定位元素:('id', 'com.netease.yanxuan:id/account_edit')
2026-09-28 12:01:50,904 INFO [base_page.py(fd_element:14)] - 定位元素:('id', 'com.netease.yanxuan:id/account_edit')
2026-09-28 12:01:51,918 INFO [base_page.py(base_input_text:27)] - 在元素:('id', 'com.netease.yanxuan:id/password_edit')输入文本:lzj123456!
2026-09-28 12:01:51,918 INFO [base_page.py(fd_element:14)] - 定位元素:('id', 'com.netease.yanxuan:id/password_edit')
2026-09-28 12:01:52,436 INFO [base_page.py(fd_element:14)] - 定位元素:('id', 'com.netease.yanxuan:id/password_edit')
2026-09-28 12:01:53,459 INFO [base_page.py(base_click:23)] - 点击元素:('xpath', '//android.widget.LinearLayout[@resource-id="com.netease.yanxuan:id/fl_loginview"]')
2026-09-28 12:01:53,459 INFO [base_page.py(fd_element:14)] - 定位元素:('xpath', '//android.widget.LinearLayout[@resource-id="com.netease.yanxuan:id/fl_loginview"]')
2026-09-28 12:02:01,141 INFO [base_page.py(base_click:23)] - 点击元素:('xpath', '//android.widget.TextSwitcher[@resource-id="com.netease.yanxuan:id/tv_home_search"]')
2026-09-28 12:02:01,141 INFO [base_page.py(fd_element:14)] - 定位元素:('xpath', '//android.widget.TextSwitcher[@resource-id="com.netease.yanxuan:id/tv_home_search"]')
2026-09-28 12:02:03,166 INFO [base_page.py(base_input_text:27)] - 在元素:('id', 'com.netease.yanxuan:id/search_input')输入文本:湿巾
2026-09-28 12:02:03,166 INFO [base_page.py(fd_element:14)] - 定位元素:('id', 'com.netease.yanxuan:id/search_input')
2026-09-28 12:02:04,363 INFO [base_page.py(fd_element:14)] - 定位元素:('id', 'com.netease.yanxuan:id/search_input')
2026-09-28 12:02:05,443 INFO [base_page.py(base_click:23)] - 点击元素:('id', 'com.netease.yanxuan:id/tv_search_button')
2026-09-28 12:02:05,443 INFO [base_page.py(fd_element:14)] - 定位元素:('id', 'com.netease.yanxuan:id/tv_search_button')
2026-09-28 12:02:09,885 INFO [ad_page.py(remove_add:22)] - 未发现可点击的广告关闭按钮，继续执行
2026-09-28 12:02:09,885 INFO [base_page.py(base_click:23)] - 点击元素:('xpath', '(//android.widget.GridView/android.widget.LinearLayout[@resource-id="com.netease.yanxuan:id/good"])[1]')
2026-09-28 12:02:09,885 INFO [base_page.py(fd_element:14)] - 定位元素:('xpath', '(//android.widget.GridView/android.widget.LinearLayout[@resource-id="com.netease.yanxuan:id/good"])[1]')
2026-09-28 12:02:12,176 INFO [base_page.py(base_click:23)] - 点击元素:('xpath', '//android.widget.TextView[@resource-id="com.netease.yanxuan:id/button" and @text="加入购物车"]')
2026-09-28 12:02:12,176 INFO [base_page.py(fd_element:14)] - 定位元素:('xpath', '//android.widget.TextView[@resource-id="com.netease.yanxuan:id/button" and @text="加入购物车"]')
2026-09-28 12:02:15,543 INFO [base_page.py(base_click:23)] - 点击元素:('id', 'com.netease.yanxuan:id/button')
2026-09-28 12:02:15,543 INFO [base_page.py(fd_element:14)] - 定位元素:('id', 'com.netease.yanxuan:id/button')
2026-09-28 12:02:18,616 INFO [base_page.py(base_get_toast:46)] - 获取Toast提示:加入购物车成功
2026-09-28 12:02:18,616 INFO [test_addcart_page.py(test_add_cart_page:21)] - 添加购物车结果:加入购物车成功
2026-09-28 12:02:18,851 INFO [base_page.py(base_click:23)] - 点击元素:('id', 'com.netease.yanxuan:id/nav_left_text')
2026-09-28 12:02:18,852 INFO [base_page.py(fd_element:14)] - 定位元素:('id', 'com.netease.yanxuan:id/nav_left_text')
2026-09-28 12:02:19,617 INFO [base_page.py(base_click:23)] - 点击元素:('id', 'com.netease.yanxuan:id/search_bar_return')
2026-09-28 12:02:19,617 INFO [base_page.py(fd_element:14)] - 定位元素:('id', 'com.netease.yanxuan:id/search_bar_return')
2026-09-28 12:02:20,431 INFO [base_page.py(base_click:23)] - 点击元素:('id', 'com.netease.yanxuan:id/search_bar_return')
2026-09-28 12:02:20,432 INFO [base_page.py(fd_element:14)] - 定位元素:('id', 'com.netease.yanxuan:id/search_bar_return')
2026-09-28 12:13:13,327 WARNING [conftest.py(_app_driver:28)] - 清理时会话已失效，无法关闭 App
2026-09-28 12:13:13,328 WARNING [conftest.py(_app_driver:33)] - 清理时会话已结束，无需重复退出
2026-09-28 12:13:13,331 INFO [test_addcart_page.py(test_add_cart_page:13)] - 添加购物车提示：未捕获到提示
2026-09-28 12:13:13,332 INFO [enter_home_page.py(skip_ad:25)] - 未出现启动广告的跳过按钮，继续执行
2026-09-28 12:13:13,533 INFO [base_page.py(base_get_toast:52)] - 获取Toast提示:添加成功
2026-09-28 12:13:13,634 INFO [base_page.py(base_get_toast:50)] - 未捕获到 Toast 提示
2026-09-28 12:37:35,159 INFO [base_page.py(base_click:24)] - 点击元素:('id', 'com.netease.yanxuan:id/btn_alert_positive')
2026-09-28 12:37:35,159 INFO [base_page.py(fd_element:15)] - 定位元素:('id', 'com.netease.yanxuan:id/btn_alert_positive')
2026-09-28 12:37:39,725 INFO [ad_page.py(remove_add:22)] - 未发现可点击的广告关闭按钮，继续执行
2026-09-28 12:37:39,726 INFO [base_page.py(base_click:24)] - 点击元素:('xpath', '//android.widget.TabWidget[@resource-id="android:id/tabs"]/android.view.ViewGroup[5]')
2026-09-28 12:37:39,726 INFO [base_page.py(fd_element:15)] - 定位元素:('xpath', '//android.widget.TabWidget[@resource-id="android:id/tabs"]/android.view.ViewGroup[5]')
2026-09-28 12:37:40,841 INFO [base_page.py(base_click:24)] - 点击元素:('id', 'com.netease.yanxuan:id/btn_change_mode')
2026-09-28 12:37:40,841 INFO [base_page.py(fd_element:15)] - 定位元素:('id', 'com.netease.yanxuan:id/btn_change_mode')
2026-09-28 12:37:41,484 INFO [base_page.py(base_click:24)] - 点击元素:('id', 'com.netease.yanxuan:id/check_box')
2026-09-28 12:37:41,484 INFO [base_page.py(fd_element:15)] - 定位元素:('id', 'com.netease.yanxuan:id/check_box')
2026-09-28 12:37:41,532 INFO [base_page.py(base_input_text:28)] - 在元素:('id', 'com.netease.yanxuan:id/account_edit')输入文本
2026-09-28 12:37:41,532 INFO [base_page.py(fd_element:15)] - 定位元素:('id', 'com.netease.yanxuan:id/account_edit')
2026-09-28 12:37:43,186 INFO [base_page.py(base_input_text:28)] - 在元素:('id', 'com.netease.yanxuan:id/password_edit')输入文本
2026-09-28 12:37:43,186 INFO [base_page.py(fd_element:15)] - 定位元素:('id', 'com.netease.yanxuan:id/password_edit')
2026-09-28 12:37:44,708 INFO [base_page.py(base_click:24)] - 点击元素:('xpath', '//android.widget.LinearLayout[@resource-id="com.netease.yanxuan:id/fl_loginview"]')
2026-09-28 12:37:44,708 INFO [base_page.py(fd_element:15)] - 定位元素:('xpath', '//android.widget.LinearLayout[@resource-id="com.netease.yanxuan:id/fl_loginview"]')
2026-09-28 12:37:48,510 INFO [base_page.py(fd_element:15)] - 定位元素:('id', 'com.netease.yanxuan:id/user_name')
2026-09-28 12:37:48,541 INFO [base_page.py(base_get_text:35)] - 获取元素文本:('id', 'com.netease.yanxuan:id/user_name') -> 用户59907260
2026-09-28 12:37:51,765 INFO [enter_home_page.py(skip_ad:25)] - 未出现启动广告的跳过按钮，继续执行
2026-09-28 12:37:54,568 INFO [ad_page.py(remove_add:22)] - 未发现可点击的广告关闭按钮，继续执行
2026-09-28 12:37:54,568 INFO [base_page.py(base_click:24)] - 点击元素:('xpath', '//android.widget.TextSwitcher[@resource-id="com.netease.yanxuan:id/tv_home_search"]')
2026-09-28 12:37:54,568 INFO [base_page.py(fd_element:15)] - 定位元素:('xpath', '//android.widget.TextSwitcher[@resource-id="com.netease.yanxuan:id/tv_home_search"]')
2026-09-28 12:37:54,664 INFO [base_page.py(base_input_text:28)] - 在元素:('id', 'com.netease.yanxuan:id/search_input')输入文本
2026-09-28 12:37:54,664 INFO [base_page.py(fd_element:15)] - 定位元素:('id', 'com.netease.yanxuan:id/search_input')
2026-09-28 12:37:56,699 INFO [base_page.py(base_click:24)] - 点击元素:('id', 'com.netease.yanxuan:id/tv_search_button')
2026-09-28 12:37:56,699 INFO [base_page.py(fd_element:15)] - 定位元素:('id', 'com.netease.yanxuan:id/tv_search_button')
2026-09-28 12:37:58,814 INFO [base_page.py(fd_element:15)] - 定位元素:('xpath', '(//android.widget.TextView[@resource-id="com.netease.yanxuan:id/tv_goods_name"])[1]')
2026-09-28 12:38:01,017 INFO [ad_page.py(remove_add:22)] - 未发现可点击的广告关闭按钮，继续执行
2026-09-28 12:38:01,017 INFO [base_page.py(base_click:24)] - 点击元素:('xpath', '(//android.widget.GridView/android.widget.LinearLayout[@resource-id="com.netease.yanxuan:id/good"])[1]')
2026-09-28 12:38:01,017 INFO [base_page.py(fd_element:15)] - 定位元素:('xpath', '(//android.widget.GridView/android.widget.LinearLayout[@resource-id="com.netease.yanxuan:id/good"])[1]')
2026-09-28 12:38:02,998 INFO [base_page.py(base_click:24)] - 点击元素:('xpath', '//android.widget.TextView[@resource-id="com.netease.yanxuan:id/button" and @text="加入购物车"]')
2026-09-28 12:38:02,998 INFO [base_page.py(fd_element:15)] - 定位元素:('xpath', '//android.widget.TextView[@resource-id="com.netease.yanxuan:id/button" and @text="加入购物车"]')
2026-09-28 12:38:05,698 INFO [base_page.py(base_click:24)] - 点击元素:('id', 'com.netease.yanxuan:id/button')
2026-09-28 12:38:05,698 INFO [base_page.py(fd_element:15)] - 定位元素:('id', 'com.netease.yanxuan:id/button')
2026-09-28 12:38:08,750 INFO [base_page.py(base_get_toast:52)] - 获取Toast提示:加入购物车成功
2026-09-28 12:38:08,750 INFO [test_addcart_page.py(test_add_cart_page:13)] - 添加购物车提示：加入购物车成功
2026-09-28 12:38:09,545 INFO [base_page.py(base_click:24)] - 点击元素:('id', 'com.netease.yanxuan:id/nav_left_text')
2026-09-28 12:38:09,545 INFO [base_page.py(fd_element:15)] - 定位元素:('id', 'com.netease.yanxuan:id/nav_left_text')
2026-09-28 12:38:09,723 INFO [base_page.py(base_click:24)] - 点击元素:('id', 'com.netease.yanxuan:id/search_bar_return')
2026-09-28 12:38:09,723 INFO [base_page.py(fd_element:15)] - 定位元素:('id', 'com.netease.yanxuan:id/search_bar_return')
2026-09-28 12:38:10,531 INFO [base_page.py(base_click:24)] - 点击元素:('id', 'com.netease.yanxuan:id/search_bar_return')
2026-09-28 12:38:10,531 INFO [base_page.py(fd_element:15)] - 定位元素:('id', 'com.netease.yanxuan:id/search_bar_return')
2026-09-28 12:38:16,303 INFO [base_page.py(base_click:24)] - 点击元素:('id', 'com.netease.yanxuan:id/btn_alert_positive')
2026-09-28 12:38:16,303 INFO [base_page.py(fd_element:15)] - 定位元素:('id', 'com.netease.yanxuan:id/btn_alert_positive')
2026-09-28 12:38:22,677 INFO [ad_page.py(remove_add:22)] - 未发现可点击的广告关闭按钮，继续执行
2026-09-28 12:38:22,677 INFO [base_page.py(base_click:24)] - 点击元素:('xpath', '//android.widget.TabWidget[@resource-id="android:id/tabs"]/android.view.ViewGroup[5]')
2026-09-28 12:38:22,677 INFO [base_page.py(fd_element:15)] - 定位元素:('xpath', '//android.widget.TabWidget[@resource-id="android:id/tabs"]/android.view.ViewGroup[5]')
2026-09-28 12:38:23,230 INFO [base_page.py(base_click:24)] - 点击元素:('id', 'com.netease.yanxuan:id/btn_change_mode')
2026-09-28 12:38:23,230 INFO [base_page.py(fd_element:15)] - 定位元素:('id', 'com.netease.yanxuan:id/btn_change_mode')
2026-09-28 12:38:24,391 INFO [base_page.py(base_click:24)] - 点击元素:('id', 'com.netease.yanxuan:id/check_box')
2026-09-28 12:38:24,391 INFO [base_page.py(fd_element:15)] - 定位元素:('id', 'com.netease.yanxuan:id/check_box')
2026-09-28 12:38:25,032 INFO [base_page.py(base_input_text:28)] - 在元素:('id', 'com.netease.yanxuan:id/account_edit')输入文本
2026-09-28 12:38:25,032 INFO [base_page.py(fd_element:15)] - 定位元素:('id', 'com.netease.yanxuan:id/account_edit')
2026-09-28 12:38:26,100 INFO [base_page.py(base_input_text:28)] - 在元素:('id', 'com.netease.yanxuan:id/password_edit')输入文本
2026-09-28 12:38:26,101 INFO [base_page.py(fd_element:15)] - 定位元素:('id', 'com.netease.yanxuan:id/password_edit')
2026-09-28 12:38:27,626 INFO [base_page.py(base_click:24)] - 点击元素:('xpath', '//android.widget.LinearLayout[@resource-id="com.netease.yanxuan:id/fl_loginview"]')
2026-09-28 12:38:27,626 INFO [base_page.py(fd_element:15)] - 定位元素:('xpath', '//android.widget.LinearLayout[@resource-id="com.netease.yanxuan:id/fl_loginview"]')
2026-09-28 12:38:31,860 INFO [base_page.py(fd_element:15)] - 定位元素:('id', 'com.netease.yanxuan:id/user_name')
2026-09-28 12:38:31,884 INFO [base_page.py(base_get_text:35)] - 获取元素文本:('id', 'com.netease.yanxuan:id/user_name') -> 用户59907260
2026-09-28 12:38:35,771 INFO [enter_home_page.py(skip_ad:25)] - 未出现启动广告的跳过按钮，继续执行
2026-09-28 12:38:38,776 INFO [ad_page.py(remove_add:22)] - 未发现可点击的广告关闭按钮，继续执行
2026-09-28 12:38:38,776 INFO [base_page.py(base_click:24)] - 点击元素:('xpath', '//android.widget.TextSwitcher[@resource-id="com.netease.yanxuan:id/tv_home_search"]')
2026-09-28 12:38:38,776 INFO [base_page.py(fd_element:15)] - 定位元素:('xpath', '//android.widget.TextSwitcher[@resource-id="com.netease.yanxuan:id/tv_home_search"]')
2026-09-28 12:38:38,864 INFO [base_page.py(base_input_text:28)] - 在元素:('id', 'com.netease.yanxuan:id/search_input')输入文本
2026-09-28 12:38:38,864 INFO [base_page.py(fd_element:15)] - 定位元素:('id', 'com.netease.yanxuan:id/search_input')
2026-09-28 12:38:40,748 INFO [base_page.py(base_click:24)] - 点击元素:('id', 'com.netease.yanxuan:id/tv_search_button')
2026-09-28 12:38:40,748 INFO [base_page.py(fd_element:15)] - 定位元素:('id', 'com.netease.yanxuan:id/tv_search_button')
2026-09-28 12:38:42,740 INFO [base_page.py(fd_element:15)] - 定位元素:('xpath', '(//android.widget.TextView[@resource-id="com.netease.yanxuan:id/tv_goods_name"])[1]')
2026-09-28 12:38:44,960 INFO [ad_page.py(remove_add:22)] - 未发现可点击的广告关闭按钮，继续执行
2026-09-28 12:38:44,960 INFO [base_page.py(base_click:24)] - 点击元素:('xpath', '(//android.widget.GridView/android.widget.LinearLayout[@resource-id="com.netease.yanxuan:id/good"])[1]')
2026-09-28 12:38:44,960 INFO [base_page.py(fd_element:15)] - 定位元素:('xpath', '(//android.widget.GridView/android.widget.LinearLayout[@resource-id="com.netease.yanxuan:id/good"])[1]')
2026-09-28 12:38:46,665 INFO [base_page.py(base_click:24)] - 点击元素:('xpath', '//android.widget.TextView[@resource-id="com.netease.yanxuan:id/button" and @text="加入购物车"]')
2026-09-28 12:38:46,665 INFO [base_page.py(fd_element:15)] - 定位元素:('xpath', '//android.widget.TextView[@resource-id="com.netease.yanxuan:id/button" and @text="加入购物车"]')
2026-09-28 12:38:59,858 INFO [base_page.py(base_click:24)] - 点击元素:('id', 'com.netease.yanxuan:id/button')
2026-09-28 12:38:59,858 INFO [base_page.py(fd_element:15)] - 定位元素:('id', 'com.netease.yanxuan:id/button')
2026-09-28 12:40:11,064 INFO [base_page.py(base_get_toast:50)] - 未捕获到 Toast 提示
2026-09-28 12:40:11,064 INFO [test_addcart_page.py(test_add_cart_page:13)] - 添加购物车提示：未捕获到提示
2026-09-28 12:55:58,821 INFO [base_page.py(base_click:24)] - 点击元素:('id', 'com.netease.yanxuan:id/btn_alert_positive')
2026-09-28 12:55:58,821 INFO [base_page.py(fd_element:15)] - 定位元素:('id', 'com.netease.yanxuan:id/btn_alert_positive')
2026-09-28 12:56:05,802 INFO [ad_page.py(remove_add:22)] - 未发现可点击的广告关闭按钮，继续执行
2026-09-28 12:56:05,802 INFO [base_page.py(base_click:24)] - 点击元素:('xpath', '//android.widget.TabWidget[@resource-id="android:id/tabs"]/android.view.ViewGroup[5]')
2026-09-28 12:56:05,803 INFO [base_page.py(fd_element:15)] - 定位元素:('xpath', '//android.widget.TabWidget[@resource-id="android:id/tabs"]/android.view.ViewGroup[5]')
2026-09-28 12:56:05,895 INFO [base_page.py(base_click:24)] - 点击元素:('id', 'com.netease.yanxuan:id/btn_change_mode')
2026-09-28 12:56:05,896 INFO [base_page.py(fd_element:15)] - 定位元素:('id', 'com.netease.yanxuan:id/btn_change_mode')
2026-09-28 12:56:07,082 INFO [base_page.py(base_click:24)] - 点击元素:('id', 'com.netease.yanxuan:id/check_box')
2026-09-28 12:56:07,082 INFO [base_page.py(fd_element:15)] - 定位元素:('id', 'com.netease.yanxuan:id/check_box')
2026-09-28 12:56:07,722 INFO [base_page.py(base_input_text:28)] - 在元素:('id', 'com.netease.yanxuan:id/account_edit')输入文本
2026-09-28 12:56:07,722 INFO [base_page.py(fd_element:15)] - 定位元素:('id', 'com.netease.yanxuan:id/account_edit')
2026-09-28 12:56:08,806 INFO [base_page.py(base_input_text:28)] - 在元素:('id', 'com.netease.yanxuan:id/password_edit')输入文本
2026-09-28 12:56:08,806 INFO [base_page.py(fd_element:15)] - 定位元素:('id', 'com.netease.yanxuan:id/password_edit')
2026-09-28 12:56:10,332 INFO [base_page.py(base_click:24)] - 点击元素:('xpath', '//android.widget.LinearLayout[@resource-id="com.netease.yanxuan:id/fl_loginview"]')
2026-09-28 12:56:10,332 INFO [base_page.py(fd_element:15)] - 定位元素:('xpath', '//android.widget.LinearLayout[@resource-id="com.netease.yanxuan:id/fl_loginview"]')
2026-09-28 12:56:14,382 INFO [base_page.py(fd_element:15)] - 定位元素:('id', 'com.netease.yanxuan:id/user_name')
2026-09-28 12:56:14,406 INFO [base_page.py(base_get_text:35)] - 获取元素文本:('id', 'com.netease.yanxuan:id/user_name') -> 用户59907260
2026-09-28 12:56:17,393 INFO [enter_home_page.py(skip_ad:25)] - 未出现启动广告的跳过按钮，继续执行
2026-09-28 12:56:20,305 INFO [ad_page.py(remove_add:22)] - 未发现可点击的广告关闭按钮，继续执行
2026-09-28 12:56:20,305 INFO [base_page.py(base_click:24)] - 点击元素:('xpath', '//android.widget.TextSwitcher[@resource-id="com.netease.yanxuan:id/tv_home_search"]')
2026-09-28 12:56:20,305 INFO [base_page.py(fd_element:15)] - 定位元素:('xpath', '//android.widget.TextSwitcher[@resource-id="com.netease.yanxuan:id/tv_home_search"]')
2026-09-28 12:56:20,388 INFO [base_page.py(base_input_text:28)] - 在元素:('id', 'com.netease.yanxuan:id/search_input')输入文本
2026-09-28 12:56:20,389 INFO [base_page.py(fd_element:15)] - 定位元素:('id', 'com.netease.yanxuan:id/search_input')
2026-09-28 12:56:22,355 INFO [base_page.py(base_click:24)] - 点击元素:('id', 'com.netease.yanxuan:id/tv_search_button')
2026-09-28 12:56:22,355 INFO [base_page.py(fd_element:15)] - 定位元素:('id', 'com.netease.yanxuan:id/tv_search_button')
2026-09-28 12:56:24,439 INFO [base_page.py(fd_element:15)] - 定位元素:('xpath', '(//android.widget.TextView[@resource-id="com.netease.yanxuan:id/tv_goods_name"])[1]')
2026-09-28 12:56:26,641 INFO [ad_page.py(remove_add:22)] - 未发现可点击的广告关闭按钮，继续执行
2026-09-28 12:56:26,641 INFO [base_page.py(base_click:24)] - 点击元素:('xpath', '(//android.widget.GridView/android.widget.LinearLayout[@resource-id="com.netease.yanxuan:id/good"])[1]')
2026-09-28 12:56:26,641 INFO [base_page.py(fd_element:15)] - 定位元素:('xpath', '(//android.widget.GridView/android.widget.LinearLayout[@resource-id="com.netease.yanxuan:id/good"])[1]')
2026-09-28 12:56:28,588 INFO [base_page.py(base_click:24)] - 点击元素:('xpath', '//android.widget.TextView[@resource-id="com.netease.yanxuan:id/button" and @text="加入购物车"]')
2026-09-28 12:56:28,588 INFO [base_page.py(fd_element:15)] - 定位元素:('xpath', '//android.widget.TextView[@resource-id="com.netease.yanxuan:id/button" and @text="加入购物车"]')
2026-09-28 12:56:31,470 INFO [base_page.py(base_click:24)] - 点击元素:('id', 'com.netease.yanxuan:id/button')
2026-09-28 12:56:31,470 INFO [base_page.py(fd_element:15)] - 定位元素:('id', 'com.netease.yanxuan:id/button')
2026-09-28 12:56:34,542 INFO [base_page.py(base_get_toast:52)] - 获取Toast提示:加入购物车成功
2026-09-28 12:56:34,542 INFO [test_addcart_page.py(test_add_cart_page:13)] - 添加购物车提示：加入购物车成功
2026-09-28 12:56:35,378 INFO [base_page.py(base_click:24)] - 点击元素:('id', 'com.netease.yanxuan:id/nav_left_text')
2026-09-28 12:56:35,378 INFO [base_page.py(fd_element:15)] - 定位元素:('id', 'com.netease.yanxuan:id/nav_left_text')
2026-09-28 12:56:36,282 INFO [base_page.py(base_click:24)] - 点击元素:('id', 'com.netease.yanxuan:id/search_bar_return')
2026-09-28 12:56:36,282 INFO [base_page.py(fd_element:15)] - 定位元素:('id', 'com.netease.yanxuan:id/search_bar_return')
2026-09-28 12:56:36,320 INFO [base_page.py(base_click:24)] - 点击元素:('id', 'com.netease.yanxuan:id/search_bar_return')
2026-09-28 12:56:36,320 INFO [base_page.py(fd_element:15)] - 定位元素:('id', 'com.netease.yanxuan:id/search_bar_return')
2026-09-28 12:56:40,490 INFO [base_page.py(base_click:24)] - 点击元素:('id', 'com.netease.yanxuan:id/btn_alert_positive')
2026-09-28 12:56:40,490 INFO [base_page.py(fd_element:15)] - 定位元素:('id', 'com.netease.yanxuan:id/btn_alert_positive')
2026-09-28 12:56:47,014 INFO [ad_page.py(remove_add:22)] - 未发现可点击的广告关闭按钮，继续执行
2026-09-28 12:56:47,014 INFO [base_page.py(base_click:24)] - 点击元素:('xpath', '//android.widget.TabWidget[@resource-id="android:id/tabs"]/android.view.ViewGroup[5]')
2026-09-28 12:56:47,014 INFO [base_page.py(fd_element:15)] - 定位元素:('xpath', '//android.widget.TabWidget[@resource-id="android:id/tabs"]/android.view.ViewGroup[5]')
2026-09-28 12:56:48,095 INFO [base_page.py(base_click:24)] - 点击元素:('id', 'com.netease.yanxuan:id/btn_change_mode')
2026-09-28 12:56:48,095 INFO [base_page.py(fd_element:15)] - 定位元素:('id', 'com.netease.yanxuan:id/btn_change_mode')
2026-09-28 12:56:48,739 INFO [base_page.py(base_click:24)] - 点击元素:('id', 'com.netease.yanxuan:id/check_box')
2026-09-28 12:56:48,739 INFO [base_page.py(fd_element:15)] - 定位元素:('id', 'com.netease.yanxuan:id/check_box')
2026-09-28 12:56:49,371 INFO [base_page.py(base_input_text:28)] - 在元素:('id', 'com.netease.yanxuan:id/account_edit')输入文本
2026-09-28 12:56:49,371 INFO [base_page.py(fd_element:15)] - 定位元素:('id', 'com.netease.yanxuan:id/account_edit')
2026-09-28 12:56:50,439 INFO [base_page.py(base_input_text:28)] - 在元素:('id', 'com.netease.yanxuan:id/password_edit')输入文本
2026-09-28 12:56:50,439 INFO [base_page.py(fd_element:15)] - 定位元素:('id', 'com.netease.yanxuan:id/password_edit')
2026-09-28 12:56:51,964 INFO [base_page.py(base_click:24)] - 点击元素:('xpath', '//android.widget.LinearLayout[@resource-id="com.netease.yanxuan:id/fl_loginview"]')
2026-09-28 12:56:51,965 INFO [base_page.py(fd_element:15)] - 定位元素:('xpath', '//android.widget.LinearLayout[@resource-id="com.netease.yanxuan:id/fl_loginview"]')
2026-09-28 12:56:55,892 INFO [base_page.py(fd_element:15)] - 定位元素:('id', 'com.netease.yanxuan:id/user_name')
2026-09-28 12:56:55,920 INFO [base_page.py(base_get_text:35)] - 获取元素文本:('id', 'com.netease.yanxuan:id/user_name') -> 用户59907260
2026-09-28 12:56:59,195 INFO [enter_home_page.py(skip_ad:25)] - 未出现启动广告的跳过按钮，继续执行
2026-09-28 12:57:02,854 INFO [ad_page.py(remove_add:22)] - 未发现可点击的广告关闭按钮，继续执行
2026-09-28 12:57:02,854 INFO [base_page.py(base_click:24)] - 点击元素:('xpath', '//android.widget.TextSwitcher[@resource-id="com.netease.yanxuan:id/tv_home_search"]')
2026-09-28 12:57:02,854 INFO [base_page.py(fd_element:15)] - 定位元素:('xpath', '//android.widget.TextSwitcher[@resource-id="com.netease.yanxuan:id/tv_home_search"]')
2026-09-28 12:57:03,956 INFO [base_page.py(base_input_text:28)] - 在元素:('id', 'com.netease.yanxuan:id/search_input')输入文本
2026-09-28 12:57:03,957 INFO [base_page.py(fd_element:15)] - 定位元素:('id', 'com.netease.yanxuan:id/search_input')
2026-09-28 12:57:05,004 INFO [base_page.py(base_click:24)] - 点击元素:('id', 'com.netease.yanxuan:id/tv_search_button')
2026-09-28 12:57:05,004 INFO [base_page.py(fd_element:15)] - 定位元素:('id', 'com.netease.yanxuan:id/tv_search_button')
2026-09-28 12:57:06,914 INFO [base_page.py(fd_element:15)] - 定位元素:('xpath', '(//android.widget.TextView[@resource-id="com.netease.yanxuan:id/tv_goods_name"])[1]')
2026-09-28 12:57:09,208 INFO [ad_page.py(remove_add:22)] - 未发现可点击的广告关闭按钮，继续执行
2026-09-28 12:57:09,208 INFO [base_page.py(base_click:24)] - 点击元素:('xpath', '(//android.widget.GridView/android.widget.LinearLayout[@resource-id="com.netease.yanxuan:id/good"])[1]')
2026-09-28 12:57:09,208 INFO [base_page.py(fd_element:15)] - 定位元素:('xpath', '(//android.widget.GridView/android.widget.LinearLayout[@resource-id="com.netease.yanxuan:id/good"])[1]')
2026-09-28 12:57:11,338 INFO [base_page.py(base_click:24)] - 点击元素:('xpath', '//android.widget.TextView[@resource-id="com.netease.yanxuan:id/button" and @text="加入购物车"]')
2026-09-28 12:57:11,338 INFO [base_page.py(fd_element:15)] - 定位元素:('xpath', '//android.widget.TextView[@resource-id="com.netease.yanxuan:id/button" and @text="加入购物车"]')
2026-09-28 12:57:14,070 INFO [base_page.py(base_click:24)] - 点击元素:('id', 'com.netease.yanxuan:id/button')
2026-09-28 12:57:14,071 INFO [base_page.py(fd_element:15)] - 定位元素:('id', 'com.netease.yanxuan:id/button')
2026-09-28 12:57:17,170 INFO [base_page.py(base_get_toast:52)] - 获取Toast提示:加入购物车成功
2026-09-28 12:57:17,170 INFO [test_addcart_page.py(test_add_cart_page:13)] - 添加购物车提示：加入购物车成功
2026-09-28 12:57:17,537 INFO [base_page.py(base_click:24)] - 点击元素:('id', 'com.netease.yanxuan:id/nav_left_text')
2026-09-28 12:57:17,537 INFO [base_page.py(fd_element:15)] - 定位元素:('id', 'com.netease.yanxuan:id/nav_left_text')
2026-09-28 12:57:18,958 INFO [base_page.py(base_click:24)] - 点击元素:('id', 'com.netease.yanxuan:id/search_bar_return')
2026-09-28 12:57:18,958 INFO [base_page.py(fd_element:15)] - 定位元素:('id', 'com.netease.yanxuan:id/search_bar_return')
2026-09-28 12:57:18,995 INFO [base_page.py(base_click:24)] - 点击元素:('id', 'com.netease.yanxuan:id/search_bar_return')
2026-09-28 12:57:18,995 INFO [base_page.py(fd_element:15)] - 定位元素:('id', 'com.netease.yanxuan:id/search_bar_return')
2026-09-28 13:01:20,927 INFO [base_page.py(base_click:24)] - 点击元素:('id', 'com.netease.yanxuan:id/btn_alert_positive')
2026-09-28 13:01:20,927 INFO [base_page.py(fd_element:15)] - 定位元素:('id', 'com.netease.yanxuan:id/btn_alert_positive')
2026-09-28 13:01:27,410 INFO [ad_page.py(remove_add:22)] - 未发现可点击的广告关闭按钮，继续执行
2026-09-28 13:01:27,410 INFO [base_page.py(base_click:24)] - 点击元素:('xpath', '//android.widget.TabWidget[@resource-id="android:id/tabs"]/android.view.ViewGroup[5]')
2026-09-28 13:01:27,410 INFO [base_page.py(fd_element:15)] - 定位元素:('xpath', '//android.widget.TabWidget[@resource-id="android:id/tabs"]/android.view.ViewGroup[5]')
2026-09-28 13:01:28,009 INFO [base_page.py(base_click:24)] - 点击元素:('id', 'com.netease.yanxuan:id/btn_change_mode')
2026-09-28 13:01:28,010 INFO [base_page.py(fd_element:15)] - 定位元素:('id', 'com.netease.yanxuan:id/btn_change_mode')
2026-09-28 13:01:29,195 INFO [base_page.py(base_click:24)] - 点击元素:('id', 'com.netease.yanxuan:id/check_box')
2026-09-28 13:01:29,195 INFO [base_page.py(fd_element:15)] - 定位元素:('id', 'com.netease.yanxuan:id/check_box')
2026-09-28 13:01:29,836 INFO [base_page.py(base_input_text:28)] - 在元素:('id', 'com.netease.yanxuan:id/account_edit')输入文本
2026-09-28 13:01:29,836 INFO [base_page.py(fd_element:15)] - 定位元素:('id', 'com.netease.yanxuan:id/account_edit')
2026-09-28 13:01:30,903 INFO [base_page.py(base_input_text:28)] - 在元素:('id', 'com.netease.yanxuan:id/password_edit')输入文本
2026-09-28 13:01:30,904 INFO [base_page.py(fd_element:15)] - 定位元素:('id', 'com.netease.yanxuan:id/password_edit')
2026-09-28 13:01:32,427 INFO [base_page.py(base_click:24)] - 点击元素:('xpath', '//android.widget.LinearLayout[@resource-id="com.netease.yanxuan:id/fl_loginview"]')
2026-09-28 13:01:32,427 INFO [base_page.py(fd_element:15)] - 定位元素:('xpath', '//android.widget.LinearLayout[@resource-id="com.netease.yanxuan:id/fl_loginview"]')
2026-09-28 13:01:33,989 INFO [base_page.py(fd_element:15)] - 定位元素:('id', 'com.netease.yanxuan:id/user_name')
2026-09-28 13:01:36,332 INFO [base_page.py(base_get_text:35)] - 获取元素文本:('id', 'com.netease.yanxuan:id/user_name') -> 用户59907260
2026-09-28 13:01:39,220 INFO [enter_home_page.py(skip_ad:25)] - 未出现启动广告的跳过按钮，继续执行
2026-09-28 13:01:41,418 INFO [ad_page.py(remove_add:22)] - 未发现可点击的广告关闭按钮，继续执行
2026-09-28 13:01:41,418 INFO [base_page.py(base_click:24)] - 点击元素:('xpath', '//android.widget.TextSwitcher[@resource-id="com.netease.yanxuan:id/tv_home_search"]')
2026-09-28 13:01:41,418 INFO [base_page.py(fd_element:15)] - 定位元素:('xpath', '//android.widget.TextSwitcher[@resource-id="com.netease.yanxuan:id/tv_home_search"]')
2026-09-28 13:01:42,162 INFO [base_page.py(base_input_text:28)] - 在元素:('id', 'com.netease.yanxuan:id/search_input')输入文本
2026-09-28 13:01:42,162 INFO [base_page.py(fd_element:15)] - 定位元素:('id', 'com.netease.yanxuan:id/search_input')
2026-09-28 13:01:44,409 INFO [base_page.py(base_click:24)] - 点击元素:('id', 'com.netease.yanxuan:id/tv_search_button')
2026-09-28 13:01:44,409 INFO [base_page.py(fd_element:15)] - 定位元素:('id', 'com.netease.yanxuan:id/tv_search_button')
2026-09-28 13:01:46,057 INFO [base_page.py(fd_element:15)] - 定位元素:('xpath', '(//android.widget.TextView[@resource-id="com.netease.yanxuan:id/tv_goods_name"])[1]')
2026-09-28 13:01:49,127 INFO [ad_page.py(remove_add:22)] - 未发现可点击的广告关闭按钮，继续执行
2026-09-28 13:01:49,127 INFO [base_page.py(base_click:24)] - 点击元素:('xpath', '(//android.widget.GridView/android.widget.LinearLayout[@resource-id="com.netease.yanxuan:id/good"])[1]')
2026-09-28 13:01:49,127 INFO [base_page.py(fd_element:15)] - 定位元素:('xpath', '(//android.widget.GridView/android.widget.LinearLayout[@resource-id="com.netease.yanxuan:id/good"])[1]')
2026-09-28 13:01:51,601 INFO [addcart_page.py(enter_goods_details:28)] - 未出现位置确认弹窗，继续执行
2026-09-28 13:01:51,601 INFO [base_page.py(base_click:24)] - 点击元素:('xpath', '//android.widget.TextView[@resource-id="com.netease.yanxuan:id/button" and @text="加入购物车"]')
2026-09-28 13:01:51,601 INFO [base_page.py(fd_element:15)] - 定位元素:('xpath', '//android.widget.TextView[@resource-id="com.netease.yanxuan:id/button" and @text="加入购物车"]')
2026-09-28 13:01:53,174 INFO [base_page.py(base_click:24)] - 点击元素:('id', 'com.netease.yanxuan:id/button')
2026-09-28 13:01:53,174 INFO [base_page.py(fd_element:15)] - 定位元素:('id', 'com.netease.yanxuan:id/button')
2026-09-28 13:01:55,488 INFO [base_page.py(base_get_toast:52)] - 获取Toast提示:请选择规格
2026-09-28 13:01:55,783 INFO [test_addcart_page.py(test_add_cart_page:13)] - 添加购物车提示：请选择规格
2026-09-28 13:01:59,583 INFO [base_page.py(base_click:24)] - 点击元素:('id', 'com.netease.yanxuan:id/btn_alert_positive')
2026-09-28 13:01:59,584 INFO [base_page.py(fd_element:15)] - 定位元素:('id', 'com.netease.yanxuan:id/btn_alert_positive')
2026-09-28 13:02:06,109 INFO [ad_page.py(remove_add:22)] - 未发现可点击的广告关闭按钮，继续执行
2026-09-28 13:02:06,109 INFO [base_page.py(base_click:24)] - 点击元素:('xpath', '//android.widget.TabWidget[@resource-id="android:id/tabs"]/android.view.ViewGroup[5]')
2026-09-28 13:02:06,109 INFO [base_page.py(fd_element:15)] - 定位元素:('xpath', '//android.widget.TabWidget[@resource-id="android:id/tabs"]/android.view.ViewGroup[5]')
2026-09-28 13:02:06,684 INFO [base_page.py(base_click:24)] - 点击元素:('id', 'com.netease.yanxuan:id/btn_change_mode')
2026-09-28 13:02:06,684 INFO [base_page.py(fd_element:15)] - 定位元素:('id', 'com.netease.yanxuan:id/btn_change_mode')
2026-09-28 13:02:07,843 INFO [base_page.py(base_click:24)] - 点击元素:('id', 'com.netease.yanxuan:id/check_box')
2026-09-28 13:02:07,844 INFO [base_page.py(fd_element:15)] - 定位元素:('id', 'com.netease.yanxuan:id/check_box')
2026-09-28 13:02:08,476 INFO [base_page.py(base_input_text:28)] - 在元素:('id', 'com.netease.yanxuan:id/account_edit')输入文本
2026-09-28 13:02:08,476 INFO [base_page.py(fd_element:15)] - 定位元素:('id', 'com.netease.yanxuan:id/account_edit')
2026-09-28 13:02:09,543 INFO [base_page.py(base_input_text:28)] - 在元素:('id', 'com.netease.yanxuan:id/password_edit')输入文本
2026-09-28 13:02:09,543 INFO [base_page.py(fd_element:15)] - 定位元素:('id', 'com.netease.yanxuan:id/password_edit')
2026-09-28 13:02:11,069 INFO [base_page.py(base_click:24)] - 点击元素:('xpath', '//android.widget.LinearLayout[@resource-id="com.netease.yanxuan:id/fl_loginview"]')
2026-09-28 13:02:11,069 INFO [base_page.py(fd_element:15)] - 定位元素:('xpath', '//android.widget.LinearLayout[@resource-id="com.netease.yanxuan:id/fl_loginview"]')
2026-09-28 13:02:12,697 INFO [base_page.py(fd_element:15)] - 定位元素:('id', 'com.netease.yanxuan:id/user_name')
2026-09-28 13:02:15,321 INFO [base_page.py(base_get_text:35)] - 获取元素文本:('id', 'com.netease.yanxuan:id/user_name') -> 用户59907260
2026-09-28 13:02:18,633 INFO [enter_home_page.py(skip_ad:25)] - 未出现启动广告的跳过按钮，继续执行
2026-09-28 13:02:20,674 INFO [ad_page.py(remove_add:22)] - 未发现可点击的广告关闭按钮，继续执行
2026-09-28 13:02:20,674 INFO [base_page.py(base_click:24)] - 点击元素:('xpath', '//android.widget.TextSwitcher[@resource-id="com.netease.yanxuan:id/tv_home_search"]')
2026-09-28 13:02:20,675 INFO [base_page.py(fd_element:15)] - 定位元素:('xpath', '//android.widget.TextSwitcher[@resource-id="com.netease.yanxuan:id/tv_home_search"]')
2026-09-28 13:02:22,990 INFO [base_page.py(base_input_text:28)] - 在元素:('id', 'com.netease.yanxuan:id/search_input')输入文本
2026-09-28 13:02:22,990 INFO [base_page.py(fd_element:15)] - 定位元素:('id', 'com.netease.yanxuan:id/search_input')
2026-09-28 13:02:24,035 INFO [base_page.py(base_click:24)] - 点击元素:('id', 'com.netease.yanxuan:id/tv_search_button')
2026-09-28 13:02:24,035 INFO [base_page.py(fd_element:15)] - 定位元素:('id', 'com.netease.yanxuan:id/tv_search_button')
2026-09-28 13:02:25,951 INFO [base_page.py(fd_element:15)] - 定位元素:('xpath', '(//android.widget.TextView[@resource-id="com.netease.yanxuan:id/tv_goods_name"])[1]')
2026-09-28 13:02:28,227 INFO [ad_page.py(remove_add:22)] - 未发现可点击的广告关闭按钮，继续执行
2026-09-28 13:02:28,227 INFO [base_page.py(base_click:24)] - 点击元素:('xpath', '(//android.widget.GridView/android.widget.LinearLayout[@resource-id="com.netease.yanxuan:id/good"])[1]')
2026-09-28 13:02:28,227 INFO [base_page.py(fd_element:15)] - 定位元素:('xpath', '(//android.widget.GridView/android.widget.LinearLayout[@resource-id="com.netease.yanxuan:id/good"])[1]')
2026-09-28 13:02:30,125 INFO [base_page.py(base_click:24)] - 点击元素:('xpath', '//android.widget.TextView[@resource-id="com.netease.yanxuan:id/button" and @text="加入购物车"]')
2026-09-28 13:02:30,125 INFO [base_page.py(fd_element:15)] - 定位元素:('xpath', '//android.widget.TextView[@resource-id="com.netease.yanxuan:id/button" and @text="加入购物车"]')
2026-09-28 13:02:33,215 INFO [base_page.py(base_click:24)] - 点击元素:('id', 'com.netease.yanxuan:id/button')
2026-09-28 13:02:33,215 INFO [base_page.py(fd_element:15)] - 定位元素:('id', 'com.netease.yanxuan:id/button')
2026-09-28 13:02:40,229 INFO [base_page.py(base_get_toast:52)] - 获取Toast提示:加入购物车成功
2026-09-28 13:02:40,480 INFO [test_addcart_page.py(test_add_cart_page:13)] - 添加购物车提示：加入购物车成功
2026-09-28 13:02:40,705 INFO [base_page.py(base_click:24)] - 点击元素:('id', 'com.netease.yanxuan:id/nav_left_text')
2026-09-28 13:02:40,705 INFO [base_page.py(fd_element:15)] - 定位元素:('id', 'com.netease.yanxuan:id/nav_left_text')
2026-09-28 13:02:44,028 INFO [base_page.py(base_click:24)] - 点击元素:('id', 'com.netease.yanxuan:id/search_bar_return')
2026-09-28 13:02:44,029 INFO [base_page.py(fd_element:15)] - 定位元素:('id', 'com.netease.yanxuan:id/search_bar_return')
2026-09-28 13:02:44,666 INFO [base_page.py(base_click:24)] - 点击元素:('id', 'com.netease.yanxuan:id/search_bar_return')
2026-09-28 13:02:44,666 INFO [base_page.py(fd_element:15)] - 定位元素:('id', 'com.netease.yanxuan:id/search_bar_return')
2026-09-28 13:03:35,647 INFO [base_page.py(base_click:24)] - 点击元素:('id', 'com.netease.yanxuan:id/btn_alert_positive')
2026-09-28 13:03:35,648 INFO [base_page.py(fd_element:15)] - 定位元素:('id', 'com.netease.yanxuan:id/btn_alert_positive')
2026-09-28 13:03:42,069 INFO [ad_page.py(remove_add:22)] - 未发现可点击的广告关闭按钮，继续执行
2026-09-28 13:03:42,069 INFO [base_page.py(base_click:24)] - 点击元素:('xpath', '//android.widget.TabWidget[@resource-id="android:id/tabs"]/android.view.ViewGroup[5]')
2026-09-28 13:03:42,069 INFO [base_page.py(fd_element:15)] - 定位元素:('xpath', '//android.widget.TabWidget[@resource-id="android:id/tabs"]/android.view.ViewGroup[5]')
2026-09-28 13:03:42,191 INFO [base_page.py(base_click:24)] - 点击元素:('id', 'com.netease.yanxuan:id/btn_change_mode')
2026-09-28 13:03:42,191 INFO [base_page.py(fd_element:15)] - 定位元素:('id', 'com.netease.yanxuan:id/btn_change_mode')
2026-09-28 13:03:43,351 INFO [base_page.py(base_click:24)] - 点击元素:('id', 'com.netease.yanxuan:id/check_box')
2026-09-28 13:03:43,351 INFO [base_page.py(fd_element:15)] - 定位元素:('id', 'com.netease.yanxuan:id/check_box')
2026-09-28 13:03:43,983 INFO [base_page.py(base_input_text:28)] - 在元素:('id', 'com.netease.yanxuan:id/account_edit')输入文本
2026-09-28 13:03:43,983 INFO [base_page.py(fd_element:15)] - 定位元素:('id', 'com.netease.yanxuan:id/account_edit')
2026-09-28 13:03:45,046 INFO [base_page.py(base_input_text:28)] - 在元素:('id', 'com.netease.yanxuan:id/password_edit')输入文本
2026-09-28 13:03:45,047 INFO [base_page.py(fd_element:15)] - 定位元素:('id', 'com.netease.yanxuan:id/password_edit')
2026-09-28 13:03:46,570 INFO [base_page.py(base_click:24)] - 点击元素:('xpath', '//android.widget.LinearLayout[@resource-id="com.netease.yanxuan:id/fl_loginview"]')
2026-09-28 13:03:46,570 INFO [base_page.py(fd_element:15)] - 定位元素:('xpath', '//android.widget.LinearLayout[@resource-id="com.netease.yanxuan:id/fl_loginview"]')
2026-09-28 13:03:48,199 INFO [base_page.py(fd_element:15)] - 定位元素:('id', 'com.netease.yanxuan:id/user_name')
2026-09-28 13:03:50,655 INFO [base_page.py(base_get_text:35)] - 获取元素文本:('id', 'com.netease.yanxuan:id/user_name') -> 用户59907260
2026-09-28 13:03:53,727 INFO [enter_home_page.py(skip_ad:25)] - 未出现启动广告的跳过按钮，继续执行
2026-09-28 13:03:56,464 INFO [ad_page.py(remove_add:22)] - 未发现可点击的广告关闭按钮，继续执行
2026-09-28 13:03:56,464 INFO [base_page.py(base_click:24)] - 点击元素:('xpath', '//android.widget.TextSwitcher[@resource-id="com.netease.yanxuan:id/tv_home_search"]')
2026-09-28 13:03:56,464 INFO [base_page.py(fd_element:15)] - 定位元素:('xpath', '//android.widget.TextSwitcher[@resource-id="com.netease.yanxuan:id/tv_home_search"]')
2026-09-28 13:03:57,592 INFO [base_page.py(base_input_text:28)] - 在元素:('id', 'com.netease.yanxuan:id/search_input')输入文本
2026-09-28 13:03:57,592 INFO [base_page.py(fd_element:15)] - 定位元素:('id', 'com.netease.yanxuan:id/search_input')
2026-09-28 13:03:58,633 INFO [base_page.py(base_click:24)] - 点击元素:('id', 'com.netease.yanxuan:id/tv_search_button')
2026-09-28 13:03:58,633 INFO [base_page.py(fd_element:15)] - 定位元素:('id', 'com.netease.yanxuan:id/tv_search_button')
2026-09-28 13:04:00,351 INFO [base_page.py(fd_element:15)] - 定位元素:('xpath', '(//android.widget.TextView[@resource-id="com.netease.yanxuan:id/tv_goods_name"])[1]')
2026-09-28 13:04:02,918 INFO [ad_page.py(remove_add:22)] - 未发现可点击的广告关闭按钮，继续执行
2026-09-28 13:04:02,918 INFO [base_page.py(base_click:24)] - 点击元素:('xpath', '(//android.widget.GridView/android.widget.LinearLayout[@resource-id="com.netease.yanxuan:id/good"])[1]')
2026-09-28 13:04:02,918 INFO [base_page.py(fd_element:15)] - 定位元素:('xpath', '(//android.widget.GridView/android.widget.LinearLayout[@resource-id="com.netease.yanxuan:id/good"])[1]')
2026-09-28 13:04:05,609 INFO [base_page.py(base_click:24)] - 点击元素:('xpath', '//android.widget.TextView[@resource-id="com.netease.yanxuan:id/button" and @text="加入购物车"]')
2026-09-28 13:04:05,609 INFO [base_page.py(fd_element:15)] - 定位元素:('xpath', '//android.widget.TextView[@resource-id="com.netease.yanxuan:id/button" and @text="加入购物车"]')
2026-09-28 13:04:06,526 INFO [base_page.py(base_click:24)] - 点击元素:('id', 'com.netease.yanxuan:id/button')
2026-09-28 13:04:06,526 INFO [base_page.py(fd_element:15)] - 定位元素:('id', 'com.netease.yanxuan:id/button')
2026-09-28 13:04:10,566 INFO [base_page.py(base_get_toast:52)] - 获取Toast提示:加入购物车成功
2026-09-28 13:04:11,153 INFO [test_addcart_page.py(test_add_cart_page:13)] - 添加购物车提示：加入购物车成功
2026-09-28 13:04:11,720 INFO [base_page.py(base_click:24)] - 点击元素:('id', 'com.netease.yanxuan:id/nav_left_text')
2026-09-28 13:04:11,720 INFO [base_page.py(fd_element:15)] - 定位元素:('id', 'com.netease.yanxuan:id/nav_left_text')
2026-09-28 13:04:12,507 INFO [base_page.py(base_click:24)] - 点击元素:('id', 'com.netease.yanxuan:id/search_bar_return')
2026-09-28 13:04:12,507 INFO [base_page.py(fd_element:15)] - 定位元素:('id', 'com.netease.yanxuan:id/search_bar_return')
2026-09-28 13:04:13,325 INFO [base_page.py(base_click:24)] - 点击元素:('id', 'com.netease.yanxuan:id/search_bar_return')
2026-09-28 13:04:13,325 INFO [base_page.py(fd_element:15)] - 定位元素:('id', 'com.netease.yanxuan:id/search_bar_return')
2026-09-28 13:04:18,892 INFO [base_page.py(base_click:24)] - 点击元素:('id', 'com.netease.yanxuan:id/btn_alert_positive')
2026-09-28 13:04:18,892 INFO [base_page.py(fd_element:15)] - 定位元素:('id', 'com.netease.yanxuan:id/btn_alert_positive')
2026-09-28 13:04:25,403 INFO [ad_page.py(remove_add:22)] - 未发现可点击的广告关闭按钮，继续执行
2026-09-28 13:04:25,403 INFO [base_page.py(base_click:24)] - 点击元素:('xpath', '//android.widget.TabWidget[@resource-id="android:id/tabs"]/android.view.ViewGroup[5]')
2026-09-28 13:04:25,403 INFO [base_page.py(fd_element:15)] - 定位元素:('xpath', '//android.widget.TabWidget[@resource-id="android:id/tabs"]/android.view.ViewGroup[5]')
2026-09-28 13:04:25,507 INFO [base_page.py(base_click:24)] - 点击元素:('id', 'com.netease.yanxuan:id/btn_change_mode')
2026-09-28 13:04:25,507 INFO [base_page.py(fd_element:15)] - 定位元素:('id', 'com.netease.yanxuan:id/btn_change_mode')
2026-09-28 13:04:26,701 INFO [base_page.py(base_click:24)] - 点击元素:('id', 'com.netease.yanxuan:id/check_box')
2026-09-28 13:04:26,701 INFO [base_page.py(fd_element:15)] - 定位元素:('id', 'com.netease.yanxuan:id/check_box')
2026-09-28 13:04:27,334 INFO [base_page.py(base_input_text:28)] - 在元素:('id', 'com.netease.yanxuan:id/account_edit')输入文本
2026-09-28 13:04:27,334 INFO [base_page.py(fd_element:15)] - 定位元素:('id', 'com.netease.yanxuan:id/account_edit')
2026-09-28 13:04:28,406 INFO [base_page.py(base_input_text:28)] - 在元素:('id', 'com.netease.yanxuan:id/password_edit')输入文本
2026-09-28 13:04:28,406 INFO [base_page.py(fd_element:15)] - 定位元素:('id', 'com.netease.yanxuan:id/password_edit')
2026-09-28 13:04:29,924 INFO [base_page.py(base_click:24)] - 点击元素:('xpath', '//android.widget.LinearLayout[@resource-id="com.netease.yanxuan:id/fl_loginview"]')
2026-09-28 13:04:29,924 INFO [base_page.py(fd_element:15)] - 定位元素:('xpath', '//android.widget.LinearLayout[@resource-id="com.netease.yanxuan:id/fl_loginview"]')
2026-09-28 13:04:31,532 INFO [base_page.py(fd_element:15)] - 定位元素:('id', 'com.netease.yanxuan:id/user_name')
2026-09-28 13:04:34,253 INFO [base_page.py(base_get_text:35)] - 获取元素文本:('id', 'com.netease.yanxuan:id/user_name') -> 用户59907260
2026-09-28 13:04:37,718 INFO [enter_home_page.py(skip_ad:25)] - 未出现启动广告的跳过按钮，继续执行
2026-09-28 13:04:41,192 INFO [ad_page.py(remove_add:22)] - 未发现可点击的广告关闭按钮，继续执行
2026-09-28 13:04:41,192 INFO [base_page.py(base_click:24)] - 点击元素:('xpath', '//android.widget.TextSwitcher[@resource-id="com.netease.yanxuan:id/tv_home_search"]')
2026-09-28 13:04:41,192 INFO [base_page.py(fd_element:15)] - 定位元素:('xpath', '//android.widget.TextSwitcher[@resource-id="com.netease.yanxuan:id/tv_home_search"]')
2026-09-28 13:04:41,274 INFO [base_page.py(base_input_text:28)] - 在元素:('id', 'com.netease.yanxuan:id/search_input')输入文本
2026-09-28 13:04:41,274 INFO [base_page.py(fd_element:15)] - 定位元素:('id', 'com.netease.yanxuan:id/search_input')
2026-09-28 13:04:43,342 INFO [base_page.py(base_click:24)] - 点击元素:('id', 'com.netease.yanxuan:id/tv_search_button')
2026-09-28 13:04:43,342 INFO [base_page.py(fd_element:15)] - 定位元素:('id', 'com.netease.yanxuan:id/tv_search_button')
2026-09-28 13:04:45,368 INFO [base_page.py(fd_element:15)] - 定位元素:('xpath', '(//android.widget.TextView[@resource-id="com.netease.yanxuan:id/tv_goods_name"])[1]')
2026-09-28 13:04:47,554 INFO [ad_page.py(remove_add:22)] - 未发现可点击的广告关闭按钮，继续执行
2026-09-28 13:04:47,554 INFO [base_page.py(base_click:24)] - 点击元素:('xpath', '(//android.widget.GridView/android.widget.LinearLayout[@resource-id="com.netease.yanxuan:id/good"])[1]')
2026-09-28 13:04:47,555 INFO [base_page.py(fd_element:15)] - 定位元素:('xpath', '(//android.widget.GridView/android.widget.LinearLayout[@resource-id="com.netease.yanxuan:id/good"])[1]')
2026-09-28 13:04:50,096 INFO [addcart_page.py(enter_goods_details:28)] - 未出现位置确认弹窗，继续执行
2026-09-28 13:04:50,096 INFO [base_page.py(base_click:24)] - 点击元素:('xpath', '//android.widget.TextView[@resource-id="com.netease.yanxuan:id/button" and @text="加入购物车"]')
2026-09-28 13:04:50,096 INFO [base_page.py(fd_element:15)] - 定位元素:('xpath', '//android.widget.TextView[@resource-id="com.netease.yanxuan:id/button" and @text="加入购物车"]')
2026-09-28 13:04:50,174 INFO [base_page.py(base_click:24)] - 点击元素:('id', 'com.netease.yanxuan:id/button')
2026-09-28 13:04:50,174 INFO [base_page.py(fd_element:15)] - 定位元素:('id', 'com.netease.yanxuan:id/button')
2026-09-28 13:04:51,655 INFO [base_page.py(base_get_toast:52)] - 获取Toast提示:请选择数量
2026-09-28 13:04:51,822 INFO [test_addcart_page.py(test_add_cart_page:13)] - 添加购物车提示：请选择数量
2026-09-28 13:05:57,415 INFO [base_page.py(base_click:24)] - 点击元素:('id', 'com.netease.yanxuan:id/btn_alert_positive')
2026-09-28 13:05:57,415 INFO [base_page.py(fd_element:15)] - 定位元素:('id', 'com.netease.yanxuan:id/btn_alert_positive')
2026-09-28 13:06:02,588 INFO [ad_page.py(remove_add:22)] - 未发现可点击的广告关闭按钮，继续执行
2026-09-28 13:06:02,588 INFO [base_page.py(base_click:24)] - 点击元素:('xpath', '//android.widget.TabWidget[@resource-id="android:id/tabs"]/android.view.ViewGroup[5]')
2026-09-28 13:06:02,588 INFO [base_page.py(fd_element:15)] - 定位元素:('xpath', '//android.widget.TabWidget[@resource-id="android:id/tabs"]/android.view.ViewGroup[5]')
2026-09-28 13:06:02,709 INFO [base_page.py(base_click:24)] - 点击元素:('id', 'com.netease.yanxuan:id/btn_change_mode')
2026-09-28 13:06:02,709 INFO [base_page.py(fd_element:15)] - 定位元素:('id', 'com.netease.yanxuan:id/btn_change_mode')
2026-09-28 13:06:03,891 INFO [base_page.py(base_click:24)] - 点击元素:('id', 'com.netease.yanxuan:id/check_box')
2026-09-28 13:06:03,891 INFO [base_page.py(fd_element:15)] - 定位元素:('id', 'com.netease.yanxuan:id/check_box')
2026-09-28 13:06:04,524 INFO [base_page.py(base_input_text:28)] - 在元素:('id', 'com.netease.yanxuan:id/account_edit')输入文本
2026-09-28 13:06:04,524 INFO [base_page.py(fd_element:15)] - 定位元素:('id', 'com.netease.yanxuan:id/account_edit')
2026-09-28 13:06:05,591 INFO [base_page.py(base_input_text:28)] - 在元素:('id', 'com.netease.yanxuan:id/password_edit')输入文本
2026-09-28 13:06:05,592 INFO [base_page.py(fd_element:15)] - 定位元素:('id', 'com.netease.yanxuan:id/password_edit')
2026-09-28 13:06:07,115 INFO [base_page.py(base_click:24)] - 点击元素:('xpath', '//android.widget.LinearLayout[@resource-id="com.netease.yanxuan:id/fl_loginview"]')
2026-09-28 13:06:07,115 INFO [base_page.py(fd_element:15)] - 定位元素:('xpath', '//android.widget.LinearLayout[@resource-id="com.netease.yanxuan:id/fl_loginview"]')
2026-09-28 13:06:08,678 INFO [base_page.py(fd_element:15)] - 定位元素:('id', 'com.netease.yanxuan:id/user_name')
2026-09-28 13:06:11,326 INFO [base_page.py(base_get_text:35)] - 获取元素文本:('id', 'com.netease.yanxuan:id/user_name') -> 用户59907260
2026-09-28 13:06:14,477 INFO [enter_home_page.py(skip_ad:25)] - 未出现启动广告的跳过按钮，继续执行
2026-09-28 13:06:17,206 INFO [ad_page.py(remove_add:22)] - 未发现可点击的广告关闭按钮，继续执行
2026-09-28 13:06:17,207 INFO [base_page.py(base_click:24)] - 点击元素:('xpath', '//android.widget.TextSwitcher[@resource-id="com.netease.yanxuan:id/tv_home_search"]')
2026-09-28 13:06:17,207 INFO [base_page.py(fd_element:15)] - 定位元素:('xpath', '//android.widget.TextSwitcher[@resource-id="com.netease.yanxuan:id/tv_home_search"]')
2026-09-28 13:06:18,224 INFO [base_page.py(base_input_text:28)] - 在元素:('id', 'com.netease.yanxuan:id/search_input')输入文本
2026-09-28 13:06:18,224 INFO [base_page.py(fd_element:15)] - 定位元素:('id', 'com.netease.yanxuan:id/search_input')
2026-09-28 13:06:19,265 INFO [base_page.py(base_click:24)] - 点击元素:('id', 'com.netease.yanxuan:id/tv_search_button')
2026-09-28 13:06:19,265 INFO [base_page.py(fd_element:15)] - 定位元素:('id', 'com.netease.yanxuan:id/tv_search_button')
2026-09-28 13:06:21,219 INFO [base_page.py(fd_element:15)] - 定位元素:('xpath', '(//android.widget.TextView[@resource-id="com.netease.yanxuan:id/tv_goods_name"])[1]')
2026-09-28 13:06:23,468 INFO [ad_page.py(remove_add:22)] - 未发现可点击的广告关闭按钮，继续执行
2026-09-28 13:06:23,469 INFO [base_page.py(base_click:24)] - 点击元素:('xpath', '(//android.widget.GridView/android.widget.LinearLayout[@resource-id="com.netease.yanxuan:id/good"])[1]')
2026-09-28 13:06:23,469 INFO [base_page.py(fd_element:15)] - 定位元素:('xpath', '(//android.widget.GridView/android.widget.LinearLayout[@resource-id="com.netease.yanxuan:id/good"])[1]')
2026-09-28 13:06:26,055 INFO [base_page.py(base_click:24)] - 点击元素:('xpath', '//android.widget.TextView[@resource-id="com.netease.yanxuan:id/button" and @text="加入购物车"]')
2026-09-28 13:06:26,055 INFO [base_page.py(fd_element:15)] - 定位元素:('xpath', '//android.widget.TextView[@resource-id="com.netease.yanxuan:id/button" and @text="加入购物车"]')
2026-09-28 13:06:29,684 INFO [base_page.py(base_click:24)] - 点击元素:('id', 'com.netease.yanxuan:id/button')
2026-09-28 13:06:29,685 INFO [base_page.py(fd_element:15)] - 定位元素:('id', 'com.netease.yanxuan:id/button')
2026-09-28 13:06:32,690 INFO [base_page.py(base_get_toast:52)] - 获取Toast提示:加入购物车成功
2026-09-28 13:06:33,225 INFO [test_addcart_page.py(test_add_cart_page:13)] - 添加购物车提示：加入购物车成功
2026-09-28 13:06:33,754 INFO [base_page.py(base_click:24)] - 点击元素:('id', 'com.netease.yanxuan:id/nav_left_text')
2026-09-28 13:06:33,754 INFO [base_page.py(fd_element:15)] - 定位元素:('id', 'com.netease.yanxuan:id/nav_left_text')
2026-09-28 13:06:36,453 INFO [base_page.py(base_click:24)] - 点击元素:('id', 'com.netease.yanxuan:id/search_bar_return')
2026-09-28 13:06:36,453 INFO [base_page.py(fd_element:15)] - 定位元素:('id', 'com.netease.yanxuan:id/search_bar_return')
2026-09-28 13:06:37,088 INFO [base_page.py(base_click:24)] - 点击元素:('id', 'com.netease.yanxuan:id/search_bar_return')
2026-09-28 13:06:37,089 INFO [base_page.py(fd_element:15)] - 定位元素:('id', 'com.netease.yanxuan:id/search_bar_return')
2026-09-28 13:06:41,530 INFO [base_page.py(base_click:24)] - 点击元素:('id', 'com.netease.yanxuan:id/btn_alert_positive')
2026-09-28 13:06:41,530 INFO [base_page.py(fd_element:15)] - 定位元素:('id', 'com.netease.yanxuan:id/btn_alert_positive')
2026-09-28 13:06:47,825 INFO [ad_page.py(remove_add:22)] - 未发现可点击的广告关闭按钮，继续执行
2026-09-28 13:06:47,825 INFO [base_page.py(base_click:24)] - 点击元素:('xpath', '//android.widget.TabWidget[@resource-id="android:id/tabs"]/android.view.ViewGroup[5]')
2026-09-28 13:06:47,825 INFO [base_page.py(fd_element:15)] - 定位元素:('xpath', '//android.widget.TabWidget[@resource-id="android:id/tabs"]/android.view.ViewGroup[5]')
2026-09-28 13:06:47,932 INFO [base_page.py(base_click:24)] - 点击元素:('id', 'com.netease.yanxuan:id/btn_change_mode')
2026-09-28 13:06:47,932 INFO [base_page.py(fd_element:15)] - 定位元素:('id', 'com.netease.yanxuan:id/btn_change_mode')
2026-09-28 13:06:49,091 INFO [base_page.py(base_click:24)] - 点击元素:('id', 'com.netease.yanxuan:id/check_box')
2026-09-28 13:06:49,091 INFO [base_page.py(fd_element:15)] - 定位元素:('id', 'com.netease.yanxuan:id/check_box')
2026-09-28 13:06:49,723 INFO [base_page.py(base_input_text:28)] - 在元素:('id', 'com.netease.yanxuan:id/account_edit')输入文本
2026-09-28 13:06:49,723 INFO [base_page.py(fd_element:15)] - 定位元素:('id', 'com.netease.yanxuan:id/account_edit')
2026-09-28 13:06:50,792 INFO [base_page.py(base_input_text:28)] - 在元素:('id', 'com.netease.yanxuan:id/password_edit')输入文本
2026-09-28 13:06:50,792 INFO [base_page.py(fd_element:15)] - 定位元素:('id', 'com.netease.yanxuan:id/password_edit')
2026-09-28 13:06:52,317 INFO [base_page.py(base_click:24)] - 点击元素:('xpath', '//android.widget.LinearLayout[@resource-id="com.netease.yanxuan:id/fl_loginview"]')
2026-09-28 13:06:52,317 INFO [base_page.py(fd_element:15)] - 定位元素:('xpath', '//android.widget.LinearLayout[@resource-id="com.netease.yanxuan:id/fl_loginview"]')
2026-09-28 13:06:53,894 INFO [base_page.py(fd_element:15)] - 定位元素:('id', 'com.netease.yanxuan:id/user_name')
2026-09-28 13:06:56,453 INFO [base_page.py(base_get_text:35)] - 获取元素文本:('id', 'com.netease.yanxuan:id/user_name') -> 用户59907260
2026-09-28 13:06:59,291 INFO [enter_home_page.py(skip_ad:25)] - 未出现启动广告的跳过按钮，继续执行
2026-09-28 13:07:01,813 INFO [ad_page.py(remove_add:22)] - 未发现可点击的广告关闭按钮，继续执行
2026-09-28 13:07:01,813 INFO [base_page.py(base_click:24)] - 点击元素:('xpath', '//android.widget.TextSwitcher[@resource-id="com.netease.yanxuan:id/tv_home_search"]')
2026-09-28 13:07:01,813 INFO [base_page.py(fd_element:15)] - 定位元素:('xpath', '//android.widget.TextSwitcher[@resource-id="com.netease.yanxuan:id/tv_home_search"]')
2026-09-28 13:07:02,448 INFO [base_page.py(base_input_text:28)] - 在元素:('id', 'com.netease.yanxuan:id/search_input')输入文本
2026-09-28 13:07:02,448 INFO [base_page.py(fd_element:15)] - 定位元素:('id', 'com.netease.yanxuan:id/search_input')
2026-09-28 13:07:04,347 INFO [base_page.py(base_click:24)] - 点击元素:('id', 'com.netease.yanxuan:id/tv_search_button')
2026-09-28 13:07:04,347 INFO [base_page.py(fd_element:15)] - 定位元素:('id', 'com.netease.yanxuan:id/tv_search_button')
2026-09-28 13:07:06,247 INFO [base_page.py(fd_element:15)] - 定位元素:('xpath', '(//android.widget.TextView[@resource-id="com.netease.yanxuan:id/tv_goods_name"])[1]')
2026-09-28 13:07:08,506 INFO [ad_page.py(remove_add:22)] - 未发现可点击的广告关闭按钮，继续执行
2026-09-28 13:07:08,506 INFO [base_page.py(base_click:24)] - 点击元素:('xpath', '(//android.widget.GridView/android.widget.LinearLayout[@resource-id="com.netease.yanxuan:id/good"])[1]')
2026-09-28 13:07:08,506 INFO [base_page.py(fd_element:15)] - 定位元素:('xpath', '(//android.widget.GridView/android.widget.LinearLayout[@resource-id="com.netease.yanxuan:id/good"])[1]')
2026-09-28 13:07:11,681 INFO [base_page.py(base_click:24)] - 点击元素:('xpath', '//android.widget.TextView[@resource-id="com.netease.yanxuan:id/button" and @text="加入购物车"]')
2026-09-28 13:07:11,681 INFO [base_page.py(fd_element:15)] - 定位元素:('xpath', '//android.widget.TextView[@resource-id="com.netease.yanxuan:id/button" and @text="加入购物车"]')
2026-09-28 13:07:12,631 INFO [base_page.py(base_click:24)] - 点击元素:('id', 'com.netease.yanxuan:id/button')
2026-09-28 13:07:12,631 INFO [base_page.py(fd_element:15)] - 定位元素:('id', 'com.netease.yanxuan:id/button')
2026-09-28 13:07:16,487 INFO [base_page.py(base_get_toast:52)] - 获取Toast提示:加入购物车成功
2026-09-28 13:07:16,785 INFO [test_addcart_page.py(test_add_cart_page:13)] - 添加购物车提示：加入购物车成功
2026-09-28 13:07:16,976 INFO [base_page.py(base_click:24)] - 点击元素:('id', 'com.netease.yanxuan:id/nav_left_text')
2026-09-28 13:07:16,976 INFO [base_page.py(fd_element:15)] - 定位元素:('id', 'com.netease.yanxuan:id/nav_left_text')
2026-09-28 13:07:18,160 INFO [base_page.py(base_click:24)] - 点击元素:('id', 'com.netease.yanxuan:id/search_bar_return')
2026-09-28 13:07:18,160 INFO [base_page.py(fd_element:15)] - 定位元素:('id', 'com.netease.yanxuan:id/search_bar_return')
2026-09-28 13:07:18,796 INFO [base_page.py(base_click:24)] - 点击元素:('id', 'com.netease.yanxuan:id/search_bar_return')
2026-09-28 13:07:18,796 INFO [base_page.py(fd_element:15)] - 定位元素:('id', 'com.netease.yanxuan:id/search_bar_return')
2026-09-28 13:46:27,219 INFO [base_page.py(base_click:24)] - 点击元素:('id', 'com.netease.yanxuan:id/btn_alert_positive')
2026-09-28 13:46:27,219 INFO [base_page.py(fd_element:15)] - 定位元素:('id', 'com.netease.yanxuan:id/btn_alert_positive')
2026-09-28 13:46:34,238 INFO [ad_page.py(remove_add:22)] - 未发现可点击的广告关闭按钮，继续执行
2026-09-28 13:46:34,238 INFO [base_page.py(base_click:24)] - 点击元素:('xpath', '//android.widget.TabWidget[@resource-id="android:id/tabs"]/android.view.ViewGroup[5]')
2026-09-28 13:46:34,238 INFO [base_page.py(fd_element:15)] - 定位元素:('xpath', '//android.widget.TabWidget[@resource-id="android:id/tabs"]/android.view.ViewGroup[5]')
2026-09-28 13:46:34,746 INFO [base_page.py(base_click:24)] - 点击元素:('id', 'com.netease.yanxuan:id/btn_change_mode')
2026-09-28 13:46:34,746 INFO [base_page.py(fd_element:15)] - 定位元素:('id', 'com.netease.yanxuan:id/btn_change_mode')
2026-09-28 13:46:35,907 INFO [base_page.py(base_click:24)] - 点击元素:('id', 'com.netease.yanxuan:id/check_box')
2026-09-28 13:46:35,907 INFO [base_page.py(fd_element:15)] - 定位元素:('id', 'com.netease.yanxuan:id/check_box')
2026-09-28 13:46:36,545 INFO [base_page.py(base_input_text:28)] - 在元素:('id', 'com.netease.yanxuan:id/account_edit')输入文本
2026-09-28 13:46:36,545 INFO [base_page.py(fd_element:15)] - 定位元素:('id', 'com.netease.yanxuan:id/account_edit')
2026-09-28 13:46:37,622 INFO [base_page.py(base_input_text:28)] - 在元素:('id', 'com.netease.yanxuan:id/password_edit')输入文本
2026-09-28 13:46:37,622 INFO [base_page.py(fd_element:15)] - 定位元素:('id', 'com.netease.yanxuan:id/password_edit')
2026-09-28 13:46:39,154 INFO [base_page.py(base_click:24)] - 点击元素:('xpath', '//android.widget.LinearLayout[@resource-id="com.netease.yanxuan:id/fl_loginview"]')
2026-09-28 13:46:39,154 INFO [base_page.py(fd_element:15)] - 定位元素:('xpath', '//android.widget.LinearLayout[@resource-id="com.netease.yanxuan:id/fl_loginview"]')
2026-09-28 13:46:40,736 INFO [base_page.py(fd_element:15)] - 定位元素:('id', 'com.netease.yanxuan:id/user_name')
2026-09-28 13:46:43,078 INFO [base_page.py(base_get_text:35)] - 获取元素文本:('id', 'com.netease.yanxuan:id/user_name') -> 用户59907260
2026-09-28 13:46:46,683 INFO [enter_home_page.py(skip_ad:25)] - 未出现启动广告的跳过按钮，继续执行
2026-09-28 13:46:50,141 INFO [ad_page.py(remove_add:22)] - 未发现可点击的广告关闭按钮，继续执行
2026-09-28 13:46:50,141 INFO [base_page.py(base_click:24)] - 点击元素:('xpath', '//android.widget.TextSwitcher[@resource-id="com.netease.yanxuan:id/tv_home_search"]')
2026-09-28 13:46:50,141 INFO [base_page.py(fd_element:15)] - 定位元素:('xpath', '//android.widget.TextSwitcher[@resource-id="com.netease.yanxuan:id/tv_home_search"]')
2026-09-28 13:46:51,070 INFO [base_page.py(base_input_text:28)] - 在元素:('id', 'com.netease.yanxuan:id/search_input')输入文本
2026-09-28 13:46:51,070 INFO [base_page.py(fd_element:15)] - 定位元素:('id', 'com.netease.yanxuan:id/search_input')
2026-09-28 13:46:53,001 INFO [base_page.py(base_click:24)] - 点击元素:('id', 'com.netease.yanxuan:id/tv_search_button')
2026-09-28 13:46:53,001 INFO [base_page.py(fd_element:15)] - 定位元素:('id', 'com.netease.yanxuan:id/tv_search_button')
2026-09-28 13:46:55,078 INFO [base_page.py(fd_element:15)] - 定位元素:('xpath', '(//android.widget.TextView[@resource-id="com.netease.yanxuan:id/tv_goods_name"])[1]')
2026-09-28 13:46:59,031 INFO [ad_page.py(remove_add:22)] - 未发现可点击的广告关闭按钮，继续执行
2026-09-28 13:46:59,031 INFO [base_page.py(base_click:24)] - 点击元素:('xpath', '(//android.widget.GridView/android.widget.LinearLayout[@resource-id="com.netease.yanxuan:id/good"])[1]')
2026-09-28 13:46:59,031 INFO [base_page.py(fd_element:15)] - 定位元素:('xpath', '(//android.widget.GridView/android.widget.LinearLayout[@resource-id="com.netease.yanxuan:id/good"])[1]')
2026-09-28 13:47:00,786 INFO [base_page.py(base_click:24)] - 点击元素:('xpath', '//android.widget.TextView[@resource-id="com.netease.yanxuan:id/button" and @text="加入购物车"]')
2026-09-28 13:47:00,786 INFO [base_page.py(fd_element:15)] - 定位元素:('xpath', '//android.widget.TextView[@resource-id="com.netease.yanxuan:id/button" and @text="加入购物车"]')
2026-09-28 13:47:06,558 INFO [base_page.py(base_click:24)] - 点击元素:('id', 'com.netease.yanxuan:id/button')
2026-09-28 13:47:06,558 INFO [base_page.py(fd_element:15)] - 定位元素:('id', 'com.netease.yanxuan:id/button')
2026-09-28 13:47:08,476 INFO [base_page.py(base_get_toast:52)] - 获取Toast提示:加入购物车成功
2026-09-28 13:47:09,036 INFO [test_addcart_page.py(test_add_cart_page:13)] - 添加购物车提示：加入购物车成功
2026-09-28 13:47:09,537 INFO [base_page.py(base_click:24)] - 点击元素:('id', 'com.netease.yanxuan:id/nav_left_text')
2026-09-28 13:47:09,537 INFO [base_page.py(fd_element:15)] - 定位元素:('id', 'com.netease.yanxuan:id/nav_left_text')
2026-09-28 13:47:10,382 INFO [base_page.py(base_click:24)] - 点击元素:('id', 'com.netease.yanxuan:id/search_bar_return')
2026-09-28 13:47:10,382 INFO [base_page.py(fd_element:15)] - 定位元素:('id', 'com.netease.yanxuan:id/search_bar_return')
2026-09-28 13:47:10,419 INFO [base_page.py(base_click:24)] - 点击元素:('id', 'com.netease.yanxuan:id/search_bar_return')
2026-09-28 13:47:10,419 INFO [base_page.py(fd_element:15)] - 定位元素:('id', 'com.netease.yanxuan:id/search_bar_return')
2026-09-28 13:47:14,980 INFO [base_page.py(base_click:24)] - 点击元素:('id', 'com.netease.yanxuan:id/btn_alert_positive')
2026-09-28 13:47:14,980 INFO [base_page.py(fd_element:15)] - 定位元素:('id', 'com.netease.yanxuan:id/btn_alert_positive')
2026-09-28 13:47:21,568 INFO [ad_page.py(remove_add:22)] - 未发现可点击的广告关闭按钮，继续执行
2026-09-28 13:47:21,568 INFO [base_page.py(base_click:24)] - 点击元素:('xpath', '//android.widget.TabWidget[@resource-id="android:id/tabs"]/android.view.ViewGroup[5]')
2026-09-28 13:47:21,568 INFO [base_page.py(fd_element:15)] - 定位元素:('xpath', '//android.widget.TabWidget[@resource-id="android:id/tabs"]/android.view.ViewGroup[5]')
2026-09-28 13:47:22,162 INFO [base_page.py(base_click:24)] - 点击元素:('id', 'com.netease.yanxuan:id/btn_change_mode')
2026-09-28 13:47:22,163 INFO [base_page.py(fd_element:15)] - 定位元素:('id', 'com.netease.yanxuan:id/btn_change_mode')
2026-09-28 13:47:23,329 INFO [base_page.py(base_click:24)] - 点击元素:('id', 'com.netease.yanxuan:id/check_box')
2026-09-28 13:47:23,329 INFO [base_page.py(fd_element:15)] - 定位元素:('id', 'com.netease.yanxuan:id/check_box')
2026-09-28 13:47:23,962 INFO [base_page.py(base_input_text:28)] - 在元素:('id', 'com.netease.yanxuan:id/account_edit')输入文本
2026-09-28 13:47:23,962 INFO [base_page.py(fd_element:15)] - 定位元素:('id', 'com.netease.yanxuan:id/account_edit')
2026-09-28 13:47:25,041 INFO [base_page.py(base_input_text:28)] - 在元素:('id', 'com.netease.yanxuan:id/password_edit')输入文本
2026-09-28 13:47:25,041 INFO [base_page.py(fd_element:15)] - 定位元素:('id', 'com.netease.yanxuan:id/password_edit')
2026-09-28 13:47:26,570 INFO [base_page.py(base_click:24)] - 点击元素:('xpath', '//android.widget.LinearLayout[@resource-id="com.netease.yanxuan:id/fl_loginview"]')
2026-09-28 13:47:26,570 INFO [base_page.py(fd_element:15)] - 定位元素:('xpath', '//android.widget.LinearLayout[@resource-id="com.netease.yanxuan:id/fl_loginview"]')
2026-09-28 13:47:28,125 INFO [base_page.py(fd_element:15)] - 定位元素:('id', 'com.netease.yanxuan:id/user_name')
2026-09-28 13:47:32,075 INFO [base_page.py(base_get_text:35)] - 获取元素文本:('id', 'com.netease.yanxuan:id/user_name') -> 用户59907260
2026-09-28 13:47:35,741 INFO [enter_home_page.py(skip_ad:25)] - 未出现启动广告的跳过按钮，继续执行
2026-09-28 13:47:39,053 INFO [ad_page.py(remove_add:22)] - 未发现可点击的广告关闭按钮，继续执行
2026-09-28 13:47:39,054 INFO [base_page.py(base_click:24)] - 点击元素:('xpath', '//android.widget.TextSwitcher[@resource-id="com.netease.yanxuan:id/tv_home_search"]')
2026-09-28 13:47:39,054 INFO [base_page.py(fd_element:15)] - 定位元素:('xpath', '//android.widget.TextSwitcher[@resource-id="com.netease.yanxuan:id/tv_home_search"]')
2026-09-28 13:47:40,213 INFO [base_page.py(base_input_text:28)] - 在元素:('id', 'com.netease.yanxuan:id/search_input')输入文本
2026-09-28 13:47:40,215 INFO [base_page.py(fd_element:15)] - 定位元素:('id', 'com.netease.yanxuan:id/search_input')
2026-09-28 13:47:41,899 INFO [base_page.py(base_click:24)] - 点击元素:('id', 'com.netease.yanxuan:id/tv_search_button')
2026-09-28 13:47:41,899 INFO [base_page.py(fd_element:15)] - 定位元素:('id', 'com.netease.yanxuan:id/tv_search_button')
2026-09-28 13:47:44,307 INFO [base_page.py(fd_element:15)] - 定位元素:('xpath', '(//android.widget.TextView[@resource-id="com.netease.yanxuan:id/tv_goods_name"])[1]')
2026-09-28 13:47:46,927 INFO [ad_page.py(remove_add:22)] - 未发现可点击的广告关闭按钮，继续执行
2026-09-28 13:47:46,927 INFO [base_page.py(base_click:24)] - 点击元素:('xpath', '(//android.widget.GridView/android.widget.LinearLayout[@resource-id="com.netease.yanxuan:id/good"])[1]')
2026-09-28 13:47:46,927 INFO [base_page.py(fd_element:15)] - 定位元素:('xpath', '(//android.widget.GridView/android.widget.LinearLayout[@resource-id="com.netease.yanxuan:id/good"])[1]')
2026-09-28 13:47:48,680 INFO [base_page.py(base_click:24)] - 点击元素:('xpath', '//android.widget.TextView[@resource-id="com.netease.yanxuan:id/button" and @text="加入购物车"]')
2026-09-28 13:47:48,680 INFO [base_page.py(fd_element:15)] - 定位元素:('xpath', '//android.widget.TextView[@resource-id="com.netease.yanxuan:id/button" and @text="加入购物车"]')
2026-09-28 13:47:51,419 INFO [base_page.py(base_click:24)] - 点击元素:('id', 'com.netease.yanxuan:id/button')
2026-09-28 13:47:51,419 INFO [base_page.py(fd_element:15)] - 定位元素:('id', 'com.netease.yanxuan:id/button')
2026-09-28 13:47:54,466 INFO [base_page.py(base_get_toast:52)] - 获取Toast提示:加入购物车成功
2026-09-28 13:47:54,693 INFO [test_addcart_page.py(test_add_cart_page:13)] - 添加购物车提示：加入购物车成功
2026-09-28 13:47:54,898 INFO [base_page.py(base_click:24)] - 点击元素:('id', 'com.netease.yanxuan:id/nav_left_text')
2026-09-28 13:47:54,898 INFO [base_page.py(fd_element:15)] - 定位元素:('id', 'com.netease.yanxuan:id/nav_left_text')
2026-09-28 13:47:55,469 INFO [base_page.py(base_click:24)] - 点击元素:('id', 'com.netease.yanxuan:id/search_bar_return')
2026-09-28 13:47:55,469 INFO [base_page.py(fd_element:15)] - 定位元素:('id', 'com.netease.yanxuan:id/search_bar_return')
2026-09-28 13:47:56,296 INFO [base_page.py(base_click:24)] - 点击元素:('id', 'com.netease.yanxuan:id/search_bar_return')
2026-09-28 13:47:56,296 INFO [base_page.py(fd_element:15)] - 定位元素:('id', 'com.netease.yanxuan:id/search_bar_return')
2026-09-28 13:48:01,772 INFO [base_page.py(base_click:24)] - 点击元素:('id', 'com.netease.yanxuan:id/btn_alert_positive')
2026-09-28 13:48:01,772 INFO [base_page.py(fd_element:15)] - 定位元素:('id', 'com.netease.yanxuan:id/btn_alert_positive')
2026-09-28 13:48:13,397 ERROR [base_page.py(fd_element:20)] - 元素定位失败:('id', 'com.netease.yanxuan:id/btn_alert_positive')-Message: Timed out after 10511ms waiting for the root AccessibilityNodeInfo in the active window. Make sure the active window is not constantly hogging the main UI thread (e.g. the application is being idle long enough), so the accessibility manager could do its work
Stacktrace:
io.appium.uiautomator2.common.exceptions.UiAutomator2Exception: Timed out after 10511ms waiting for the root AccessibilityNodeInfo in the active window. Make sure the active window is not constantly hogging the main UI thread (e.g. the application is being idle long enough), so the accessibility manager could do its work
	at io.appium.uiautomator2.utils.AXWindowHelpers.getActiveWindowRoot(AXWindowHelpers.java:136)
	at io.appium.uiautomator2.utils.AXWindowHelpers.retrieveWindowRoots(AXWindowHelpers.java:116)
	at io.appium.uiautomator2.utils.AXWindowHelpers.getCachedWindowRoots(AXWindowHelpers.java:97)
	at io.appium.uiautomator2.model.internal.CustomUiDevice.findObject(CustomUiDevice.java:145)
	at io.appium.uiautomator2.utils.ElementLocationHelpers.findElementById(ElementLocationHelpers.java:230)
	at io.appium.uiautomator2.utils.ElementLocationHelpers.findElement(ElementLocationHelpers.java:122)
	at io.appium.uiautomator2.handler.FindElement.safeHandle(FindElement.java:60)
	at io.appium.uiautomator2.handler.request.SafeRequestHandler.handle(SafeRequestHandler.java:59)
	at io.appium.uiautomator2.server.AppiumServlet.handleRequest(AppiumServlet.java:269)
	at io.appium.uiautomator2.server.AppiumServlet.handleHttpRequest(AppiumServlet.java:263)
	at io.appium.uiautomator2.http.ServerHandler.channelRead(ServerHandler.java:77)
	at io.netty.channel.AbstractChannelHandlerContext.fireChannelRead(AbstractChannelHandlerContext.java:357)
	at io.netty.handler.codec.MessageToMessageDecoder.channelRead(MessageToMessageDecoder.java:107)
	at io.netty.channel.AbstractChannelHandlerContext.fireChannelRead(AbstractChannelHandlerContext.java:357)
	at io.netty.channel.CombinedChannelDuplexHandler$DelegatingChannelHandlerContext.fireChannelRead(CombinedChannelDuplexHandler.java:434)
	at io.netty.handler.codec.ByteToMessageDecoder.fireChannelRead(ByteToMessageDecoder.java:361)
	at io.netty.handler.codec.ByteToMessageDecoder.channelRead(ByteToMessageDecoder.java:325)
	at io.netty.channel.CombinedChannelDuplexHandler.channelRead(CombinedChannelDuplexHandler.java:249)
	at io.netty.channel.AbstractChannelHandlerContext.fireChannelRead(AbstractChannelHandlerContext.java:355)
	at io.netty.handler.timeout.IdleStateHandler.channelRead(IdleStateHandler.java:288)
	at io.netty.channel.AbstractChannelHandlerContext.fireChannelRead(AbstractChannelHandlerContext.java:355)
	at io.netty.channel.DefaultChannelPipeline$HeadContext.channelRead(DefaultChannelPipeline.java:1429)
	at io.netty.channel.DefaultChannelPipeline.fireChannelRead(DefaultChannelPipeline.java:918)
	at io.netty.channel.nio.AbstractNioByteChannel$NioByteUnsafe.read(AbstractNioByteChannel.java:176)
	at io.netty.channel.nio.AbstractNioChannel$AbstractNioUnsafe.handle(AbstractNioChannel.java:445)
	at io.netty.channel.nio.NioIoHandler$DefaultNioRegistration.handle(NioIoHandler.java:388)
	at io.netty.channel.nio.NioIoHandler.processSelectedKey(NioIoHandler.java:596)
	at io.netty.channel.nio.NioIoHandler.processSelectedKeysOptimized(NioIoHandler.java:571)
	at io.netty.channel.nio.NioIoHandler.processSelectedKeys(NioIoHandler.java:512)
	at io.netty.channel.nio.NioIoHandler.run(NioIoHandler.java:484)
	at io.netty.channel.SingleThreadIoEventLoop.runIo(SingleThreadIoEventLoop.java:225)
	at io.netty.channel.SingleThreadIoEventLoop.run(SingleThreadIoEventLoop.java:196)
	at io.netty.util.concurrent.SingleThreadEventExecutor$5.run(SingleThreadEventExecutor.java:1204)
	at io.netty.util.internal.ThreadExecutorMap$2.run(ThreadExecutorMap.java:74)
	at io.netty.util.concurrent.FastThreadLocalRunnable.run(FastThreadLocalRunnable.java:30)
	at java.lang.Thread.run(Thread.java:920)

2026-09-28 13:54:32,827 INFO [base_page.py(base_click:24)] - 点击元素:('id', 'com.netease.yanxuan:id/btn_alert_positive')
2026-09-28 13:54:32,827 INFO [base_page.py(fd_element:15)] - 定位元素:('id', 'com.netease.yanxuan:id/btn_alert_positive')
2026-09-28 13:54:36,317 INFO [enter_home_page.py(skip_ad:25)] - 未出现启动广告的跳过按钮，继续执行
2026-09-28 13:54:38,016 INFO [base_page.py(base_click:24)] - 点击元素:('xpath', '//android.widget.TabWidget[@resource-id="android:id/tabs"]/android.view.ViewGroup[5]')
2026-09-28 13:54:38,016 INFO [base_page.py(fd_element:15)] - 定位元素:('xpath', '//android.widget.TabWidget[@resource-id="android:id/tabs"]/android.view.ViewGroup[5]')
2026-09-28 13:54:39,407 INFO [base_page.py(base_click:24)] - 点击元素:('id', 'com.netease.yanxuan:id/btn_change_mode')
2026-09-28 13:54:39,407 INFO [base_page.py(fd_element:15)] - 定位元素:('id', 'com.netease.yanxuan:id/btn_change_mode')
2026-09-28 13:54:40,575 INFO [base_page.py(base_click:24)] - 点击元素:('id', 'com.netease.yanxuan:id/check_box')
2026-09-28 13:54:40,575 INFO [base_page.py(fd_element:15)] - 定位元素:('id', 'com.netease.yanxuan:id/check_box')
2026-09-28 13:54:41,217 INFO [base_page.py(base_input_text:28)] - 在元素:('id', 'com.netease.yanxuan:id/account_edit')输入文本
2026-09-28 13:54:41,217 INFO [base_page.py(fd_element:15)] - 定位元素:('id', 'com.netease.yanxuan:id/account_edit')
2026-09-28 13:54:42,293 INFO [base_page.py(base_input_text:28)] - 在元素:('id', 'com.netease.yanxuan:id/password_edit')输入文本
2026-09-28 13:54:42,293 INFO [base_page.py(fd_element:15)] - 定位元素:('id', 'com.netease.yanxuan:id/password_edit')
2026-09-28 13:54:43,827 INFO [base_page.py(base_click:24)] - 点击元素:('xpath', '//android.widget.LinearLayout[@resource-id="com.netease.yanxuan:id/fl_loginview"]')
2026-09-28 13:54:43,827 INFO [base_page.py(fd_element:15)] - 定位元素:('xpath', '//android.widget.LinearLayout[@resource-id="com.netease.yanxuan:id/fl_loginview"]')
2026-09-28 13:54:45,392 INFO [base_page.py(fd_element:15)] - 定位元素:('id', 'com.netease.yanxuan:id/user_name')
2026-09-28 13:54:48,473 INFO [base_page.py(base_get_text:35)] - 获取元素文本:('id', 'com.netease.yanxuan:id/user_name') -> 用户59907260
2026-09-28 13:54:51,908 INFO [enter_home_page.py(skip_ad:25)] - 未出现启动广告的跳过按钮，继续执行
2026-09-28 13:54:54,595 INFO [ad_page.py(remove_add:22)] - 未发现可点击的广告关闭按钮，继续执行
2026-09-28 13:54:54,595 INFO [base_page.py(base_click:24)] - 点击元素:('xpath', '//android.widget.TextSwitcher[@resource-id="com.netease.yanxuan:id/tv_home_search"]')
2026-09-28 13:54:54,595 INFO [base_page.py(fd_element:15)] - 定位元素:('xpath', '//android.widget.TextSwitcher[@resource-id="com.netease.yanxuan:id/tv_home_search"]')
2026-09-28 13:54:54,691 INFO [base_page.py(base_input_text:28)] - 在元素:('id', 'com.netease.yanxuan:id/search_input')输入文本
2026-09-28 13:54:54,691 INFO [base_page.py(fd_element:15)] - 定位元素:('id', 'com.netease.yanxuan:id/search_input')
2026-09-28 13:54:57,431 INFO [base_page.py(base_click:24)] - 点击元素:('id', 'com.netease.yanxuan:id/tv_search_button')
2026-09-28 13:54:57,431 INFO [base_page.py(fd_element:15)] - 定位元素:('id', 'com.netease.yanxuan:id/tv_search_button')
2026-09-28 13:54:59,483 INFO [base_page.py(fd_element:15)] - 定位元素:('xpath', '(//android.widget.TextView[@resource-id="com.netease.yanxuan:id/tv_goods_name"])[1]')
2026-09-28 13:55:03,463 INFO [ad_page.py(remove_add:22)] - 未发现可点击的广告关闭按钮，继续执行
2026-09-28 13:55:03,463 INFO [base_page.py(base_click:24)] - 点击元素:('xpath', '(//android.widget.GridView/android.widget.LinearLayout[@resource-id="com.netease.yanxuan:id/good"])[1]')
2026-09-28 13:55:03,463 INFO [base_page.py(fd_element:15)] - 定位元素:('xpath', '(//android.widget.GridView/android.widget.LinearLayout[@resource-id="com.netease.yanxuan:id/good"])[1]')
2026-09-28 13:55:05,140 INFO [base_page.py(base_click:24)] - 点击元素:('xpath', '//android.widget.TextView[@resource-id="com.netease.yanxuan:id/button" and @text="加入购物车"]')
2026-09-28 13:55:05,140 INFO [base_page.py(fd_element:15)] - 定位元素:('xpath', '//android.widget.TextView[@resource-id="com.netease.yanxuan:id/button" and @text="加入购物车"]')
2026-09-28 13:55:07,824 INFO [base_page.py(base_click:24)] - 点击元素:('id', 'com.netease.yanxuan:id/button')
2026-09-28 13:55:07,824 INFO [base_page.py(fd_element:15)] - 定位元素:('id', 'com.netease.yanxuan:id/button')
2026-09-28 13:55:10,847 INFO [base_page.py(base_get_toast:52)] - 获取Toast提示:加入购物车成功
2026-09-28 13:55:11,398 INFO [test_addcart_page.py(test_add_cart_page:13)] - 添加购物车提示：加入购物车成功
2026-09-28 13:55:11,935 INFO [base_page.py(base_click:24)] - 点击元素:('id', 'com.netease.yanxuan:id/nav_left_text')
2026-09-28 13:55:11,935 INFO [base_page.py(fd_element:15)] - 定位元素:('id', 'com.netease.yanxuan:id/nav_left_text')
2026-09-28 13:55:11,999 INFO [base_page.py(base_click:24)] - 点击元素:('id', 'com.netease.yanxuan:id/search_bar_return')
2026-09-28 13:55:11,999 INFO [base_page.py(fd_element:15)] - 定位元素:('id', 'com.netease.yanxuan:id/search_bar_return')
2026-09-28 13:55:13,511 INFO [base_page.py(base_click:24)] - 点击元素:('id', 'com.netease.yanxuan:id/search_bar_return')
2026-09-28 13:55:13,511 INFO [base_page.py(fd_element:15)] - 定位元素:('id', 'com.netease.yanxuan:id/search_bar_return')
2026-09-28 13:55:18,192 INFO [base_page.py(base_click:24)] - 点击元素:('id', 'com.netease.yanxuan:id/btn_alert_positive')
2026-09-28 13:55:18,192 INFO [base_page.py(fd_element:15)] - 定位元素:('id', 'com.netease.yanxuan:id/btn_alert_positive')
2026-09-28 13:55:22,736 INFO [ad_page.py(remove_add:22)] - 未发现可点击的广告关闭按钮，继续执行
2026-09-28 13:55:22,736 INFO [base_page.py(base_click:24)] - 点击元素:('xpath', '//android.widget.TabWidget[@resource-id="android:id/tabs"]/android.view.ViewGroup[5]')
2026-09-28 13:55:22,736 INFO [base_page.py(fd_element:15)] - 定位元素:('xpath', '//android.widget.TabWidget[@resource-id="android:id/tabs"]/android.view.ViewGroup[5]')
2026-09-28 13:55:23,373 INFO [base_page.py(base_click:24)] - 点击元素:('id', 'com.netease.yanxuan:id/btn_change_mode')
2026-09-28 13:55:23,373 INFO [base_page.py(fd_element:15)] - 定位元素:('id', 'com.netease.yanxuan:id/btn_change_mode')
2026-09-28 13:55:24,533 INFO [base_page.py(base_click:24)] - 点击元素:('id', 'com.netease.yanxuan:id/check_box')
2026-09-28 13:55:24,534 INFO [base_page.py(fd_element:15)] - 定位元素:('id', 'com.netease.yanxuan:id/check_box')
2026-09-28 13:55:25,175 INFO [base_page.py(base_input_text:28)] - 在元素:('id', 'com.netease.yanxuan:id/account_edit')输入文本
2026-09-28 13:55:25,175 INFO [base_page.py(fd_element:15)] - 定位元素:('id', 'com.netease.yanxuan:id/account_edit')
2026-09-28 13:55:26,251 INFO [base_page.py(base_input_text:28)] - 在元素:('id', 'com.netease.yanxuan:id/password_edit')输入文本
2026-09-28 13:55:26,251 INFO [base_page.py(fd_element:15)] - 定位元素:('id', 'com.netease.yanxuan:id/password_edit')
2026-09-28 13:55:27,792 INFO [base_page.py(base_click:24)] - 点击元素:('xpath', '//android.widget.LinearLayout[@resource-id="com.netease.yanxuan:id/fl_loginview"]')
2026-09-28 13:55:27,792 INFO [base_page.py(fd_element:15)] - 定位元素:('xpath', '//android.widget.LinearLayout[@resource-id="com.netease.yanxuan:id/fl_loginview"]')
2026-09-28 13:55:29,371 INFO [base_page.py(fd_element:15)] - 定位元素:('id', 'com.netease.yanxuan:id/user_name')
2026-09-28 13:55:32,827 INFO [base_page.py(base_get_text:35)] - 获取元素文本:('id', 'com.netease.yanxuan:id/user_name') -> 用户59907260
2026-09-28 13:55:35,979 INFO [enter_home_page.py(skip_ad:25)] - 未出现启动广告的跳过按钮，继续执行
2026-09-28 13:55:38,943 INFO [ad_page.py(remove_add:22)] - 未发现可点击的广告关闭按钮，继续执行
2026-09-28 13:55:38,943 INFO [base_page.py(base_click:24)] - 点击元素:('xpath', '//android.widget.TextSwitcher[@resource-id="com.netease.yanxuan:id/tv_home_search"]')
2026-09-28 13:55:38,943 INFO [base_page.py(fd_element:15)] - 定位元素:('xpath', '//android.widget.TextSwitcher[@resource-id="com.netease.yanxuan:id/tv_home_search"]')
2026-09-28 13:55:39,041 INFO [base_page.py(base_input_text:28)] - 在元素:('id', 'com.netease.yanxuan:id/search_input')输入文本
2026-09-28 13:55:39,041 INFO [base_page.py(fd_element:15)] - 定位元素:('id', 'com.netease.yanxuan:id/search_input')
2026-09-28 13:55:41,791 INFO [base_page.py(base_click:24)] - 点击元素:('id', 'com.netease.yanxuan:id/tv_search_button')
2026-09-28 13:55:41,792 INFO [base_page.py(fd_element:15)] - 定位元素:('id', 'com.netease.yanxuan:id/tv_search_button')
2026-09-28 13:55:44,178 INFO [base_page.py(fd_element:15)] - 定位元素:('xpath', '(//android.widget.TextView[@resource-id="com.netease.yanxuan:id/tv_goods_name"])[1]')
2026-09-28 13:55:46,814 INFO [ad_page.py(remove_add:22)] - 未发现可点击的广告关闭按钮，继续执行
2026-09-28 13:55:46,815 INFO [base_page.py(base_click:24)] - 点击元素:('xpath', '(//android.widget.GridView/android.widget.LinearLayout[@resource-id="com.netease.yanxuan:id/good"])[1]')
2026-09-28 13:55:46,815 INFO [base_page.py(fd_element:15)] - 定位元素:('xpath', '(//android.widget.GridView/android.widget.LinearLayout[@resource-id="com.netease.yanxuan:id/good"])[1]')
2026-09-28 13:55:48,740 INFO [base_page.py(base_click:24)] - 点击元素:('xpath', '//android.widget.TextView[@resource-id="com.netease.yanxuan:id/button" and @text="加入购物车"]')
2026-09-28 13:55:48,740 INFO [base_page.py(fd_element:15)] - 定位元素:('xpath', '//android.widget.TextView[@resource-id="com.netease.yanxuan:id/button" and @text="加入购物车"]')
2026-09-28 13:55:53,411 INFO [base_page.py(base_click:24)] - 点击元素:('id', 'com.netease.yanxuan:id/button')
2026-09-28 13:55:53,411 INFO [base_page.py(fd_element:15)] - 定位元素:('id', 'com.netease.yanxuan:id/button')
2026-09-28 13:55:56,420 INFO [base_page.py(base_get_toast:52)] - 获取Toast提示:加入购物车成功
2026-09-28 13:55:56,663 INFO [test_addcart_page.py(test_add_cart_page:13)] - 添加购物车提示：加入购物车成功
2026-09-28 13:55:56,872 INFO [base_page.py(base_click:24)] - 点击元素:('id', 'com.netease.yanxuan:id/nav_left_text')
2026-09-28 13:55:56,872 INFO [base_page.py(fd_element:15)] - 定位元素:('id', 'com.netease.yanxuan:id/nav_left_text')
2026-09-28 13:56:00,180 INFO [base_page.py(base_click:24)] - 点击元素:('id', 'com.netease.yanxuan:id/search_bar_return')
2026-09-28 13:56:00,180 INFO [base_page.py(fd_element:15)] - 定位元素:('id', 'com.netease.yanxuan:id/search_bar_return')
2026-09-28 13:56:00,223 INFO [base_page.py(base_click:24)] - 点击元素:('id', 'com.netease.yanxuan:id/search_bar_return')
2026-09-28 13:56:00,223 INFO [base_page.py(fd_element:15)] - 定位元素:('id', 'com.netease.yanxuan:id/search_bar_return')
2026-09-28 13:56:05,384 INFO [base_page.py(base_click:24)] - 点击元素:('id', 'com.netease.yanxuan:id/btn_alert_positive')
2026-09-28 13:56:05,384 INFO [base_page.py(fd_element:15)] - 定位元素:('id', 'com.netease.yanxuan:id/btn_alert_positive')
